"LOCATION","INDICATOR","SUBJECT","MEASURE","FREQUENCY","TIME","Value","Flag Codes"
"AUS","HUR","TOT","PC_LF","M","2018-03",5.555048,
"AUS","HUR","TOT","PC_LF","M","2018-04",5.559155,
"AUS","HUR","TOT","PC_LF","M","2018-05",5.386026,
"AUS","HUR","TOT","PC_LF","M","2018-06",5.277534,
"AUS","HUR","TOT","PC_LF","M","2018-07",5.259318,
"AUS","HUR","TOT","PC_LF","M","2018-08",5.239898,
"AUS","HUR","TOT","PC_LF","M","2018-09",4.986863,
"AUS","HUR","TOT","PC_LF","M","2018-10",4.979814,
"AUS","HUR","TOT","PC_LF","M","2018-11",5.108513,
"AUS","HUR","TOT","PC_LF","M","2018-12",5.004922,
"AUS","HUR","TOT","PC_LF","M","2019-01",5.081373,
"AUS","HUR","TOT","PC_LF","M","2019-02",5.007784,
"AUS","HUR","TOT","PC_LF","M","2019-03",5.135801,
"AUS","HUR","TOT","PC_LF","M","2019-04",5.242968,
"AUS","HUR","TOT","PC_LF","M","2019-05",5.199353,
"AUS","HUR","TOT","PC_LF","M","2019-06",5.201538,
"AUS","HUR","TOT","PC_LF","M","2019-07",5.228508,
"AUS","HUR","TOT","PC_LF","M","2019-08",5.223804,
"AUS","HUR","TOT","PC_LF","M","2019-09",5.160942,
"AUS","HUR","TOT","PC_LF","M","2019-10",5.271043,
"AUS","HUR","TOT","PC_LF","M","2019-11",5.15723,
"AUS","HUR","TOT","PC_LF","M","2019-12",5.046326,
"AUS","HUR","TOT","PC_LF","M","2020-01",5.311689,
"AUS","HUR","TOT","PC_LF","M","2020-02",5.13366,
"AUS","HUR","TOT","PC_LF","M","2020-03",5.271841,
"AUS","HUR","TOT","PC_LF","M","2020-04",6.374276,
"AUS","HUR","TOT","PC_LF","M","2020-05",7.018559,
"AUS","HUR","TOT","PC_LF","M","2020-06",7.353504,
"AUS","HUR","TOT","PC_LF","M","2020-07",7.44782,
"AUS","HUR","TOT","PC_LF","M","2020-08",6.758088,
"AUS","HUR","TOT","PC_LF","M","2020-09",6.854655,
"AUS","HUR","TOT","PC_LF","M","2020-10",6.935978,
"AUS","HUR","TOT","PC_LF","M","2020-11",6.832822,
"AUS","HUR","TOT","PC_LF","M","2020-12",6.577847,
"AUS","HUR","TOT","PC_LF","M","2021-01",6.399545,
"AUS","HUR","TOT","PC_LF","M","2021-02",5.862685,
"AUS","HUR","TOT","PC_LF","M","2021-03",5.693758,
"AUS","HUR","TOT","PC_LF","M","2021-04",5.471205,
"AUS","HUR","TOT","PC_LF","M","2021-05",5.065564,
"AUS","HUR","TOT","PC_LF","M","2021-06",4.906898,
"AUS","HUR","TOT","PC_LF","M","2021-07",4.628413,
"AUS","HUR","TOT","PC_LF","M","2021-08",4.525121,
"AUS","HUR","TOT","PC_LF","M","2021-09",4.631909,
"AUS","HUR","TOT","PC_LF","M","2021-10",5.223247,
"AUS","HUR","TOT","PC_LF","M","2021-11",4.608804,
"AUS","HUR","TOT","PC_LF","M","2021-12",4.157424,
"AUT","HUR","TOT","PC_LF","M","2018-03",5.2,"P"
"AUT","HUR","TOT","PC_LF","M","2018-04",5,"P"
"AUT","HUR","TOT","PC_LF","M","2018-05",4.9,"P"
"AUT","HUR","TOT","PC_LF","M","2018-06",5,"P"
"AUT","HUR","TOT","PC_LF","M","2018-07",5.2,"P"
"AUT","HUR","TOT","PC_LF","M","2018-08",5.6,"P"
"AUT","HUR","TOT","PC_LF","M","2018-09",5.4,"P"
"AUT","HUR","TOT","PC_LF","M","2018-10",5.2,"P"
"AUT","HUR","TOT","PC_LF","M","2018-11",5,"P"
"AUT","HUR","TOT","PC_LF","M","2018-12",5.2,"P"
"AUT","HUR","TOT","PC_LF","M","2019-01",4.9,"P"
"AUT","HUR","TOT","PC_LF","M","2019-02",5.1,"P"
"AUT","HUR","TOT","PC_LF","M","2019-03",4.9,"P"
"AUT","HUR","TOT","PC_LF","M","2019-04",5.1,"P"
"AUT","HUR","TOT","PC_LF","M","2019-05",4.9,"P"
"AUT","HUR","TOT","PC_LF","M","2019-06",4.6,"P"
"AUT","HUR","TOT","PC_LF","M","2019-07",4.9,"P"
"AUT","HUR","TOT","PC_LF","M","2019-08",5,"P"
"AUT","HUR","TOT","PC_LF","M","2019-09",4.6,"P"
"AUT","HUR","TOT","PC_LF","M","2019-10",4.9,"P"
"AUT","HUR","TOT","PC_LF","M","2019-11",4.4,"P"
"AUT","HUR","TOT","PC_LF","M","2019-12",4.5,"P"
"AUT","HUR","TOT","PC_LF","M","2020-01",4.4,"P"
"AUT","HUR","TOT","PC_LF","M","2020-02",4.5,"P"
"AUT","HUR","TOT","PC_LF","M","2020-03",4.9,"P"
"AUT","HUR","TOT","PC_LF","M","2020-04",6,"P"
"AUT","HUR","TOT","PC_LF","M","2020-05",7.1,"P"
"AUT","HUR","TOT","PC_LF","M","2020-06",7.7,"P"
"AUT","HUR","TOT","PC_LF","M","2020-07",6.8,"P"
"AUT","HUR","TOT","PC_LF","M","2020-08",6.4,"P"
"AUT","HUR","TOT","PC_LF","M","2020-09",6.4,"P"
"AUT","HUR","TOT","PC_LF","M","2020-10",6.1,"P"
"AUT","HUR","TOT","PC_LF","M","2020-11",6.1,"P"
"AUT","HUR","TOT","PC_LF","M","2020-12",6.8,"P"
"AUT","HUR","TOT","PC_LF","M","2021-01",7.3,"P"
"AUT","HUR","TOT","PC_LF","M","2021-02",7,"P"
"AUT","HUR","TOT","PC_LF","M","2021-03",6.7,"P"
"AUT","HUR","TOT","PC_LF","M","2021-04",7.1,"P"
"AUT","HUR","TOT","PC_LF","M","2021-05",6.7,"P"
"AUT","HUR","TOT","PC_LF","M","2021-06",6.2,"P"
"AUT","HUR","TOT","PC_LF","M","2021-07",6,"P"
"AUT","HUR","TOT","PC_LF","M","2021-08",5.9,"P"
"AUT","HUR","TOT","PC_LF","M","2021-09",5.2,"P"
"AUT","HUR","TOT","PC_LF","M","2021-10",5.7,"P"
"AUT","HUR","TOT","PC_LF","M","2021-11",5.3,"P"
"BEL","HUR","TOT","PC_LF","M","2018-03",6.2,
"BEL","HUR","TOT","PC_LF","M","2018-04",6.4,
"BEL","HUR","TOT","PC_LF","M","2018-05",6.4,
"BEL","HUR","TOT","PC_LF","M","2018-06",6.2,
"BEL","HUR","TOT","PC_LF","M","2018-07",5.9,
"BEL","HUR","TOT","PC_LF","M","2018-08",5.6,
"BEL","HUR","TOT","PC_LF","M","2018-09",5.6,
"BEL","HUR","TOT","PC_LF","M","2018-10",5.7,
"BEL","HUR","TOT","PC_LF","M","2018-11",5.8,
"BEL","HUR","TOT","PC_LF","M","2018-12",5.8,
"BEL","HUR","TOT","PC_LF","M","2019-01",5.6,
"BEL","HUR","TOT","PC_LF","M","2019-02",5.6,
"BEL","HUR","TOT","PC_LF","M","2019-03",5.5,
"BEL","HUR","TOT","PC_LF","M","2019-04",5.6,
"BEL","HUR","TOT","PC_LF","M","2019-05",5.5,
"BEL","HUR","TOT","PC_LF","M","2019-06",5.4,
"BEL","HUR","TOT","PC_LF","M","2019-07",5.2,
"BEL","HUR","TOT","PC_LF","M","2019-08",5.1,
"BEL","HUR","TOT","PC_LF","M","2019-09",5.1,
"BEL","HUR","TOT","PC_LF","M","2019-10",5.2,
"BEL","HUR","TOT","PC_LF","M","2019-11",5.3,
"BEL","HUR","TOT","PC_LF","M","2019-12",5.3,
"BEL","HUR","TOT","PC_LF","M","2020-01",5.2,
"BEL","HUR","TOT","PC_LF","M","2020-02",5,
"BEL","HUR","TOT","PC_LF","M","2020-03",4.9,
"BEL","HUR","TOT","PC_LF","M","2020-04",4.9,
"BEL","HUR","TOT","PC_LF","M","2020-05",5,
"BEL","HUR","TOT","PC_LF","M","2020-06",5.4,
"BEL","HUR","TOT","PC_LF","M","2020-07",6,
"BEL","HUR","TOT","PC_LF","M","2020-08",6.4,
"BEL","HUR","TOT","PC_LF","M","2020-09",6.3,
"BEL","HUR","TOT","PC_LF","M","2020-10",5.8,
"BEL","HUR","TOT","PC_LF","M","2020-11",5.8,
"BEL","HUR","TOT","PC_LF","M","2020-12",6,"B"
"BEL","HUR","TOT","PC_LF","M","2021-01",6.5,
"BEL","HUR","TOT","PC_LF","M","2021-02",6.8,
"BEL","HUR","TOT","PC_LF","M","2021-03",6.7,
"BEL","HUR","TOT","PC_LF","M","2021-04",6.5,
"BEL","HUR","TOT","PC_LF","M","2021-05",6.3,
"BEL","HUR","TOT","PC_LF","M","2021-06",6.3,
"BEL","HUR","TOT","PC_LF","M","2021-07",6.2,
"BEL","HUR","TOT","PC_LF","M","2021-08",6.3,
"BEL","HUR","TOT","PC_LF","M","2021-09",6.2,
"BEL","HUR","TOT","PC_LF","M","2021-10",6,
"BEL","HUR","TOT","PC_LF","M","2021-11",5.9,
"CAN","HUR","TOT","PC_LF","M","2018-03",5.9,
"CAN","HUR","TOT","PC_LF","M","2018-04",5.9,
"CAN","HUR","TOT","PC_LF","M","2018-05",6,
"CAN","HUR","TOT","PC_LF","M","2018-06",6.1,
"CAN","HUR","TOT","PC_LF","M","2018-07",5.8,
"CAN","HUR","TOT","PC_LF","M","2018-08",6,
"CAN","HUR","TOT","PC_LF","M","2018-09",5.9,
"CAN","HUR","TOT","PC_LF","M","2018-10",5.9,
"CAN","HUR","TOT","PC_LF","M","2018-11",5.7,
"CAN","HUR","TOT","PC_LF","M","2018-12",5.8,
"CAN","HUR","TOT","PC_LF","M","2019-01",5.9,
"CAN","HUR","TOT","PC_LF","M","2019-02",5.9,
"CAN","HUR","TOT","PC_LF","M","2019-03",5.8,
"CAN","HUR","TOT","PC_LF","M","2019-04",5.8,
"CAN","HUR","TOT","PC_LF","M","2019-05",5.4,
"CAN","HUR","TOT","PC_LF","M","2019-06",5.6,
"CAN","HUR","TOT","PC_LF","M","2019-07",5.8,
"CAN","HUR","TOT","PC_LF","M","2019-08",5.8,
"CAN","HUR","TOT","PC_LF","M","2019-09",5.6,
"CAN","HUR","TOT","PC_LF","M","2019-10",5.6,
"CAN","HUR","TOT","PC_LF","M","2019-11",5.9,
"CAN","HUR","TOT","PC_LF","M","2019-12",5.7,
"CAN","HUR","TOT","PC_LF","M","2020-01",5.6,
"CAN","HUR","TOT","PC_LF","M","2020-02",5.7,
"CAN","HUR","TOT","PC_LF","M","2020-03",7.9,
"CAN","HUR","TOT","PC_LF","M","2020-04",13.1,
"CAN","HUR","TOT","PC_LF","M","2020-05",13.7,
"CAN","HUR","TOT","PC_LF","M","2020-06",12.5,
"CAN","HUR","TOT","PC_LF","M","2020-07",10.9,
"CAN","HUR","TOT","PC_LF","M","2020-08",10.2,
"CAN","HUR","TOT","PC_LF","M","2020-09",9.2,
"CAN","HUR","TOT","PC_LF","M","2020-10",9,
"CAN","HUR","TOT","PC_LF","M","2020-11",8.6,
"CAN","HUR","TOT","PC_LF","M","2020-12",8.8,
"CAN","HUR","TOT","PC_LF","M","2021-01",9.4,
"CAN","HUR","TOT","PC_LF","M","2021-02",8.2,
"CAN","HUR","TOT","PC_LF","M","2021-03",7.5,
"CAN","HUR","TOT","PC_LF","M","2021-04",8.1,
"CAN","HUR","TOT","PC_LF","M","2021-05",8.2,
"CAN","HUR","TOT","PC_LF","M","2021-06",7.8,
"CAN","HUR","TOT","PC_LF","M","2021-07",7.5,
"CAN","HUR","TOT","PC_LF","M","2021-08",7.1,
"CAN","HUR","TOT","PC_LF","M","2021-09",6.9,
"CAN","HUR","TOT","PC_LF","M","2021-10",6.7,
"CAN","HUR","TOT","PC_LF","M","2021-11",6,
"CAN","HUR","TOT","PC_LF","M","2021-12",5.9,
"CZE","HUR","TOT","PC_LF","M","2018-03",2.1,
"CZE","HUR","TOT","PC_LF","M","2018-04",2.3,
"CZE","HUR","TOT","PC_LF","M","2018-05",2.3,
"CZE","HUR","TOT","PC_LF","M","2018-06",2.2,
"CZE","HUR","TOT","PC_LF","M","2018-07",2.3,
"CZE","HUR","TOT","PC_LF","M","2018-08",2.4,
"CZE","HUR","TOT","PC_LF","M","2018-09",2.2,
"CZE","HUR","TOT","PC_LF","M","2018-10",2.1,
"CZE","HUR","TOT","PC_LF","M","2018-11",2,
"CZE","HUR","TOT","PC_LF","M","2018-12",2.2,
"CZE","HUR","TOT","PC_LF","M","2019-01",2.1,
"CZE","HUR","TOT","PC_LF","M","2019-02",1.7,
"CZE","HUR","TOT","PC_LF","M","2019-03",2,
"CZE","HUR","TOT","PC_LF","M","2019-04",2.1,
"CZE","HUR","TOT","PC_LF","M","2019-05",2.1,
"CZE","HUR","TOT","PC_LF","M","2019-06",1.8,
"CZE","HUR","TOT","PC_LF","M","2019-07",2.1,
"CZE","HUR","TOT","PC_LF","M","2019-08",2,
"CZE","HUR","TOT","PC_LF","M","2019-09",2.1,
"CZE","HUR","TOT","PC_LF","M","2019-10",2.2,
"CZE","HUR","TOT","PC_LF","M","2019-11",2.1,
"CZE","HUR","TOT","PC_LF","M","2019-12",2,
"CZE","HUR","TOT","PC_LF","M","2020-01",1.9,
"CZE","HUR","TOT","PC_LF","M","2020-02",1.8,
"CZE","HUR","TOT","PC_LF","M","2020-03",1.9,
"CZE","HUR","TOT","PC_LF","M","2020-04",2.2,
"CZE","HUR","TOT","PC_LF","M","2020-05",2.4,
"CZE","HUR","TOT","PC_LF","M","2020-06",2.7,
"CZE","HUR","TOT","PC_LF","M","2020-07",2.9,
"CZE","HUR","TOT","PC_LF","M","2020-08",2.7,
"CZE","HUR","TOT","PC_LF","M","2020-09",2.8,
"CZE","HUR","TOT","PC_LF","M","2020-10",3.1,
"CZE","HUR","TOT","PC_LF","M","2020-11",3,
"CZE","HUR","TOT","PC_LF","M","2020-12",3.2,
"CZE","HUR","TOT","PC_LF","M","2021-01",3.2,
"CZE","HUR","TOT","PC_LF","M","2021-02",3.2,
"CZE","HUR","TOT","PC_LF","M","2021-03",3.4,
"CZE","HUR","TOT","PC_LF","M","2021-04",3.3,
"CZE","HUR","TOT","PC_LF","M","2021-05",3.1,
"CZE","HUR","TOT","PC_LF","M","2021-06",2.8,
"CZE","HUR","TOT","PC_LF","M","2021-07",2.6,
"CZE","HUR","TOT","PC_LF","M","2021-08",2.8,
"CZE","HUR","TOT","PC_LF","M","2021-09",2.6,
"CZE","HUR","TOT","PC_LF","M","2021-10",2.6,
"CZE","HUR","TOT","PC_LF","M","2021-11",2.2,
"DNK","HUR","TOT","PC_LF","M","2018-03",5.1,
"DNK","HUR","TOT","PC_LF","M","2018-04",5.3,
"DNK","HUR","TOT","PC_LF","M","2018-05",5.2,
"DNK","HUR","TOT","PC_LF","M","2018-06",5.1,
"DNK","HUR","TOT","PC_LF","M","2018-07",5.1,
"DNK","HUR","TOT","PC_LF","M","2018-08",4.9,
"DNK","HUR","TOT","PC_LF","M","2018-09",4.9,
"DNK","HUR","TOT","PC_LF","M","2018-10",4.9,
"DNK","HUR","TOT","PC_LF","M","2018-11",5.2,
"DNK","HUR","TOT","PC_LF","M","2018-12",5.1,
"DNK","HUR","TOT","PC_LF","M","2019-01",5.2,
"DNK","HUR","TOT","PC_LF","M","2019-02",5.1,
"DNK","HUR","TOT","PC_LF","M","2019-03",5.4,
"DNK","HUR","TOT","PC_LF","M","2019-04",5.2,
"DNK","HUR","TOT","PC_LF","M","2019-05",5,
"DNK","HUR","TOT","PC_LF","M","2019-06",4.7,
"DNK","HUR","TOT","PC_LF","M","2019-07",4.7,
"DNK","HUR","TOT","PC_LF","M","2019-08",4.9,
"DNK","HUR","TOT","PC_LF","M","2019-09",5.2,
"DNK","HUR","TOT","PC_LF","M","2019-10",5.2,
"DNK","HUR","TOT","PC_LF","M","2019-11",5.1,
"DNK","HUR","TOT","PC_LF","M","2019-12",4.9,
"DNK","HUR","TOT","PC_LF","M","2020-01",4.9,
"DNK","HUR","TOT","PC_LF","M","2020-02",4.8,
"DNK","HUR","TOT","PC_LF","M","2020-03",4.8,
"DNK","HUR","TOT","PC_LF","M","2020-04",4.9,
"DNK","HUR","TOT","PC_LF","M","2020-05",5.6,
"DNK","HUR","TOT","PC_LF","M","2020-06",6.1,
"DNK","HUR","TOT","PC_LF","M","2020-07",6.5,
"DNK","HUR","TOT","PC_LF","M","2020-08",6.3,
"DNK","HUR","TOT","PC_LF","M","2020-09",6.1,
"DNK","HUR","TOT","PC_LF","M","2020-10",6,
"DNK","HUR","TOT","PC_LF","M","2020-11",5.9,
"DNK","HUR","TOT","PC_LF","M","2020-12",6,
"DNK","HUR","TOT","PC_LF","M","2021-01",6.1,
"DNK","HUR","TOT","PC_LF","M","2021-02",6,
"DNK","HUR","TOT","PC_LF","M","2021-03",5.7,
"DNK","HUR","TOT","PC_LF","M","2021-04",5.4,
"DNK","HUR","TOT","PC_LF","M","2021-05",5.1,
"DNK","HUR","TOT","PC_LF","M","2021-06",4.8,
"DNK","HUR","TOT","PC_LF","M","2021-07",4.7,
"DNK","HUR","TOT","PC_LF","M","2021-08",4.8,
"DNK","HUR","TOT","PC_LF","M","2021-09",5.1,
"DNK","HUR","TOT","PC_LF","M","2021-10",5,
"DNK","HUR","TOT","PC_LF","M","2021-11",5,
"FIN","HUR","TOT","PC_LF","M","2018-03",8.2,
"FIN","HUR","TOT","PC_LF","M","2018-04",7.7,
"FIN","HUR","TOT","PC_LF","M","2018-05",7.3,
"FIN","HUR","TOT","PC_LF","M","2018-06",7,
"FIN","HUR","TOT","PC_LF","M","2018-07",7.3,
"FIN","HUR","TOT","PC_LF","M","2018-08",7.4,
"FIN","HUR","TOT","PC_LF","M","2018-09",7.1,
"FIN","HUR","TOT","PC_LF","M","2018-10",7.2,
"FIN","HUR","TOT","PC_LF","M","2018-11",7.1,
"FIN","HUR","TOT","PC_LF","M","2018-12",5.9,
"FIN","HUR","TOT","PC_LF","M","2019-01",6.7,
"FIN","HUR","TOT","PC_LF","M","2019-02",7,
"FIN","HUR","TOT","PC_LF","M","2019-03",6.4,
"FIN","HUR","TOT","PC_LF","M","2019-04",7.2,
"FIN","HUR","TOT","PC_LF","M","2019-05",6.8,
"FIN","HUR","TOT","PC_LF","M","2019-06",6.2,
"FIN","HUR","TOT","PC_LF","M","2019-07",6.6,
"FIN","HUR","TOT","PC_LF","M","2019-08",7,
"FIN","HUR","TOT","PC_LF","M","2019-09",6.7,
"FIN","HUR","TOT","PC_LF","M","2019-10",6.9,
"FIN","HUR","TOT","PC_LF","M","2019-11",6.9,
"FIN","HUR","TOT","PC_LF","M","2019-12",6.5,
"FIN","HUR","TOT","PC_LF","M","2020-01",6.8,
"FIN","HUR","TOT","PC_LF","M","2020-02",6.6,
"FIN","HUR","TOT","PC_LF","M","2020-03",6.7,
"FIN","HUR","TOT","PC_LF","M","2020-04",7.1,
"FIN","HUR","TOT","PC_LF","M","2020-05",8.6,
"FIN","HUR","TOT","PC_LF","M","2020-06",7.6,
"FIN","HUR","TOT","PC_LF","M","2020-07",8.3,
"FIN","HUR","TOT","PC_LF","M","2020-08",8.8,
"FIN","HUR","TOT","PC_LF","M","2020-09",8.2,
"FIN","HUR","TOT","PC_LF","M","2020-10",8.3,
"FIN","HUR","TOT","PC_LF","M","2020-11",7.9,
"FIN","HUR","TOT","PC_LF","M","2020-12",8.2,
"FIN","HUR","TOT","PC_LF","M","2021-01",8.4,
"FIN","HUR","TOT","PC_LF","M","2021-02",8,
"FIN","HUR","TOT","PC_LF","M","2021-03",7.5,
"FIN","HUR","TOT","PC_LF","M","2021-04",8.5,
"FIN","HUR","TOT","PC_LF","M","2021-05",8.2,
"FIN","HUR","TOT","PC_LF","M","2021-06",7.7,
"FIN","HUR","TOT","PC_LF","M","2021-07",7.7,
"FIN","HUR","TOT","PC_LF","M","2021-08",7.1,
"FIN","HUR","TOT","PC_LF","M","2021-09",7.7,
"FIN","HUR","TOT","PC_LF","M","2021-10",6.7,
"FIN","HUR","TOT","PC_LF","M","2021-11",6.8,
"FRA","HUR","TOT","PC_LF","M","2018-03",9.2,
"FRA","HUR","TOT","PC_LF","M","2018-04",9.2,
"FRA","HUR","TOT","PC_LF","M","2018-05",9.2,
"FRA","HUR","TOT","PC_LF","M","2018-06",9,
"FRA","HUR","TOT","PC_LF","M","2018-07",8.9,
"FRA","HUR","TOT","PC_LF","M","2018-08",8.9,
"FRA","HUR","TOT","PC_LF","M","2018-09",8.9,
"FRA","HUR","TOT","PC_LF","M","2018-10",8.8,
"FRA","HUR","TOT","PC_LF","M","2018-11",8.8,
"FRA","HUR","TOT","PC_LF","M","2018-12",8.8,
"FRA","HUR","TOT","PC_LF","M","2019-01",8.7,
"FRA","HUR","TOT","PC_LF","M","2019-02",8.6,
"FRA","HUR","TOT","PC_LF","M","2019-03",8.7,
"FRA","HUR","TOT","PC_LF","M","2019-04",8.6,
"FRA","HUR","TOT","PC_LF","M","2019-05",8.8,
"FRA","HUR","TOT","PC_LF","M","2019-06",8.7,
"FRA","HUR","TOT","PC_LF","M","2019-07",8.4,
"FRA","HUR","TOT","PC_LF","M","2019-08",8.2,
"FRA","HUR","TOT","PC_LF","M","2019-09",8.1,
"FRA","HUR","TOT","PC_LF","M","2019-10",8.2,
"FRA","HUR","TOT","PC_LF","M","2019-11",8.1,
"FRA","HUR","TOT","PC_LF","M","2019-12",8.1,
"FRA","HUR","TOT","PC_LF","M","2020-01",8.1,
"FRA","HUR","TOT","PC_LF","M","2020-02",7.7,
"FRA","HUR","TOT","PC_LF","M","2020-03",7.5,
"FRA","HUR","TOT","PC_LF","M","2020-04",7.5,
"FRA","HUR","TOT","PC_LF","M","2020-05",7.1,
"FRA","HUR","TOT","PC_LF","M","2020-06",7.5,
"FRA","HUR","TOT","PC_LF","M","2020-07",8.7,
"FRA","HUR","TOT","PC_LF","M","2020-08",9,
"FRA","HUR","TOT","PC_LF","M","2020-09",9,
"FRA","HUR","TOT","PC_LF","M","2020-10",8.3,
"FRA","HUR","TOT","PC_LF","M","2020-11",8,
"FRA","HUR","TOT","PC_LF","M","2020-12",7.8,
"FRA","HUR","TOT","PC_LF","M","2021-01",7.9,
"FRA","HUR","TOT","PC_LF","M","2021-02",8.1,
"FRA","HUR","TOT","PC_LF","M","2021-03",8.1,
"FRA","HUR","TOT","PC_LF","M","2021-04",8.3,
"FRA","HUR","TOT","PC_LF","M","2021-05",8.3,
"FRA","HUR","TOT","PC_LF","M","2021-06",8.1,
"FRA","HUR","TOT","PC_LF","M","2021-07",8,
"FRA","HUR","TOT","PC_LF","M","2021-08",7.9,
"FRA","HUR","TOT","PC_LF","M","2021-09",7.7,
"FRA","HUR","TOT","PC_LF","M","2021-10",7.6,
"FRA","HUR","TOT","PC_LF","M","2021-11",7.5,
"DEU","HUR","TOT","PC_LF","M","2018-03",3.5,
"DEU","HUR","TOT","PC_LF","M","2018-04",3.4,
"DEU","HUR","TOT","PC_LF","M","2018-05",3.4,
"DEU","HUR","TOT","PC_LF","M","2018-06",3.4,
"DEU","HUR","TOT","PC_LF","M","2018-07",3.4,
"DEU","HUR","TOT","PC_LF","M","2018-08",3.4,
"DEU","HUR","TOT","PC_LF","M","2018-09",3.4,
"DEU","HUR","TOT","PC_LF","M","2018-10",3.3,
"DEU","HUR","TOT","PC_LF","M","2018-11",3.3,
"DEU","HUR","TOT","PC_LF","M","2018-12",3.3,
"DEU","HUR","TOT","PC_LF","M","2019-01",3.3,
"DEU","HUR","TOT","PC_LF","M","2019-02",3.2,
"DEU","HUR","TOT","PC_LF","M","2019-03",3.2,
"DEU","HUR","TOT","PC_LF","M","2019-04",3.2,
"DEU","HUR","TOT","PC_LF","M","2019-05",3.1,
"DEU","HUR","TOT","PC_LF","M","2019-06",3.1,
"DEU","HUR","TOT","PC_LF","M","2019-07",3.1,
"DEU","HUR","TOT","PC_LF","M","2019-08",3.1,
"DEU","HUR","TOT","PC_LF","M","2019-09",3.1,
"DEU","HUR","TOT","PC_LF","M","2019-10",3.1,
"DEU","HUR","TOT","PC_LF","M","2019-11",3.2,
"DEU","HUR","TOT","PC_LF","M","2019-12",3.3,
"DEU","HUR","TOT","PC_LF","M","2020-01",3.4,
"DEU","HUR","TOT","PC_LF","M","2020-02",3.5,
"DEU","HUR","TOT","PC_LF","M","2020-03",3.6,
"DEU","HUR","TOT","PC_LF","M","2020-04",3.7,
"DEU","HUR","TOT","PC_LF","M","2020-05",3.8,
"DEU","HUR","TOT","PC_LF","M","2020-06",3.9,
"DEU","HUR","TOT","PC_LF","M","2020-07",4,
"DEU","HUR","TOT","PC_LF","M","2020-08",4.1,
"DEU","HUR","TOT","PC_LF","M","2020-09",4.1,
"DEU","HUR","TOT","PC_LF","M","2020-10",4.1,
"DEU","HUR","TOT","PC_LF","M","2020-11",4.1,
"DEU","HUR","TOT","PC_LF","M","2020-12",4,"B"
"DEU","HUR","TOT","PC_LF","M","2021-01",3.9,
"DEU","HUR","TOT","PC_LF","M","2021-02",3.9,"P"
"DEU","HUR","TOT","PC_LF","M","2021-03",3.8,"P"
"DEU","HUR","TOT","PC_LF","M","2021-04",3.7,"P"
"DEU","HUR","TOT","PC_LF","M","2021-05",3.6,"P"
"DEU","HUR","TOT","PC_LF","M","2021-06",3.5,"P"
"DEU","HUR","TOT","PC_LF","M","2021-07",3.4,"P"
"DEU","HUR","TOT","PC_LF","M","2021-08",3.4,"P"
"DEU","HUR","TOT","PC_LF","M","2021-09",3.3,"P"
"DEU","HUR","TOT","PC_LF","M","2021-10",3.3,"P"
"DEU","HUR","TOT","PC_LF","M","2021-11",3.2,"P"
"GRC","HUR","TOT","PC_LF","M","2018-03",20.3,
"GRC","HUR","TOT","PC_LF","M","2018-04",19.8,
"GRC","HUR","TOT","PC_LF","M","2018-05",19.3,
"GRC","HUR","TOT","PC_LF","M","2018-06",19.1,
"GRC","HUR","TOT","PC_LF","M","2018-07",19,
"GRC","HUR","TOT","PC_LF","M","2018-08",19.1,
"GRC","HUR","TOT","PC_LF","M","2018-09",18.8,
"GRC","HUR","TOT","PC_LF","M","2018-10",18.6,
"GRC","HUR","TOT","PC_LF","M","2018-11",18.5,
"GRC","HUR","TOT","PC_LF","M","2018-12",18.4,
"GRC","HUR","TOT","PC_LF","M","2019-01",18.8,
"GRC","HUR","TOT","PC_LF","M","2019-02",18.5,
"GRC","HUR","TOT","PC_LF","M","2019-03",17.9,
"GRC","HUR","TOT","PC_LF","M","2019-04",17.9,
"GRC","HUR","TOT","PC_LF","M","2019-05",17,
"GRC","HUR","TOT","PC_LF","M","2019-06",16.8,
"GRC","HUR","TOT","PC_LF","M","2019-07",17.3,
"GRC","HUR","TOT","PC_LF","M","2019-08",16.8,
"GRC","HUR","TOT","PC_LF","M","2019-09",16.9,
"GRC","HUR","TOT","PC_LF","M","2019-10",16.9,
"GRC","HUR","TOT","PC_LF","M","2019-11",16.5,
"GRC","HUR","TOT","PC_LF","M","2019-12",16.3,
"GRC","HUR","TOT","PC_LF","M","2020-01",16.4,
"GRC","HUR","TOT","PC_LF","M","2020-02",15.7,
"GRC","HUR","TOT","PC_LF","M","2020-03",15.8,
"GRC","HUR","TOT","PC_LF","M","2020-04",15.8,
"GRC","HUR","TOT","PC_LF","M","2020-05",17.2,
"GRC","HUR","TOT","PC_LF","M","2020-06",17.6,
"GRC","HUR","TOT","PC_LF","M","2020-07",16.6,
"GRC","HUR","TOT","PC_LF","M","2020-08",17.3,
"GRC","HUR","TOT","PC_LF","M","2020-09",16.6,
"GRC","HUR","TOT","PC_LF","M","2020-10",16.4,
"GRC","HUR","TOT","PC_LF","M","2020-11",16.2,
"GRC","HUR","TOT","PC_LF","M","2020-12",15.6,"B"
"GRC","HUR","TOT","PC_LF","M","2021-01",16.2,
"GRC","HUR","TOT","PC_LF","M","2021-02",16.1,
"GRC","HUR","TOT","PC_LF","M","2021-03",16.8,
"GRC","HUR","TOT","PC_LF","M","2021-04",17.3,
"GRC","HUR","TOT","PC_LF","M","2021-05",15.9,
"GRC","HUR","TOT","PC_LF","M","2021-06",14.9,
"GRC","HUR","TOT","PC_LF","M","2021-07",14,
"GRC","HUR","TOT","PC_LF","M","2021-08",13.9,
"GRC","HUR","TOT","PC_LF","M","2021-09",13.1,
"GRC","HUR","TOT","PC_LF","M","2021-10",13.3,
"GRC","HUR","TOT","PC_LF","M","2021-11",13.4,
"HUN","HUR","TOT","PC_LF","M","2018-03",3.7,
"HUN","HUR","TOT","PC_LF","M","2018-04",3.7,
"HUN","HUR","TOT","PC_LF","M","2018-05",3.3,
"HUN","HUR","TOT","PC_LF","M","2018-06",3.5,
"HUN","HUR","TOT","PC_LF","M","2018-07",3.7,
"HUN","HUR","TOT","PC_LF","M","2018-08",3.5,
"HUN","HUR","TOT","PC_LF","M","2018-09",3.7,
"HUN","HUR","TOT","PC_LF","M","2018-10",3.6,
"HUN","HUR","TOT","PC_LF","M","2018-11",3.4,
"HUN","HUR","TOT","PC_LF","M","2018-12",3.6,
"HUN","HUR","TOT","PC_LF","M","2019-01",3.5,
"HUN","HUR","TOT","PC_LF","M","2019-02",3.2,
"HUN","HUR","TOT","PC_LF","M","2019-03",3.3,
"HUN","HUR","TOT","PC_LF","M","2019-04",3.4,
"HUN","HUR","TOT","PC_LF","M","2019-05",3.3,
"HUN","HUR","TOT","PC_LF","M","2019-06",3.2,
"HUN","HUR","TOT","PC_LF","M","2019-07",3.4,
"HUN","HUR","TOT","PC_LF","M","2019-08",3.3,
"HUN","HUR","TOT","PC_LF","M","2019-09",3.4,
"HUN","HUR","TOT","PC_LF","M","2019-10",3.5,
"HUN","HUR","TOT","PC_LF","M","2019-11",3.5,
"HUN","HUR","TOT","PC_LF","M","2019-12",3,
"HUN","HUR","TOT","PC_LF","M","2020-01",3.6,
"HUN","HUR","TOT","PC_LF","M","2020-02",3.5,
"HUN","HUR","TOT","PC_LF","M","2020-03",3.4,
"HUN","HUR","TOT","PC_LF","M","2020-04",3.6,
"HUN","HUR","TOT","PC_LF","M","2020-05",4.9,
"HUN","HUR","TOT","PC_LF","M","2020-06",4.9,
"HUN","HUR","TOT","PC_LF","M","2020-07",4.3,
"HUN","HUR","TOT","PC_LF","M","2020-08",4.2,
"HUN","HUR","TOT","PC_LF","M","2020-09",4.3,
"HUN","HUR","TOT","PC_LF","M","2020-10",4,
"HUN","HUR","TOT","PC_LF","M","2020-11",4.3,
"HUN","HUR","TOT","PC_LF","M","2020-12",4.2,
"HUN","HUR","TOT","PC_LF","M","2021-01",4.5,
"HUN","HUR","TOT","PC_LF","M","2021-02",4.5,
"HUN","HUR","TOT","PC_LF","M","2021-03",4,
"HUN","HUR","TOT","PC_LF","M","2021-04",4.1,
"HUN","HUR","TOT","PC_LF","M","2021-05",4.2,
"HUN","HUR","TOT","PC_LF","M","2021-06",4.1,
"HUN","HUR","TOT","PC_LF","M","2021-07",4.1,
"HUN","HUR","TOT","PC_LF","M","2021-08",4.1,
"HUN","HUR","TOT","PC_LF","M","2021-09",3.6,
"HUN","HUR","TOT","PC_LF","M","2021-10",3.9,
"HUN","HUR","TOT","PC_LF","M","2021-11",3.8,
"ISL","HUR","TOT","PC_LF","M","2018-03",3.2,
"ISL","HUR","TOT","PC_LF","M","2018-04",3.2,
"ISL","HUR","TOT","PC_LF","M","2018-05",3.2,
"ISL","HUR","TOT","PC_LF","M","2018-06",3.2,
"ISL","HUR","TOT","PC_LF","M","2018-07",3.2,
"ISL","HUR","TOT","PC_LF","M","2018-08",3.1,
"ISL","HUR","TOT","PC_LF","M","2018-09",3.1,
"ISL","HUR","TOT","PC_LF","M","2018-10",3.1,
"ISL","HUR","TOT","PC_LF","M","2018-11",3.1,
"ISL","HUR","TOT","PC_LF","M","2018-12",3.2,
"ISL","HUR","TOT","PC_LF","M","2019-01",3.3,
"ISL","HUR","TOT","PC_LF","M","2019-02",3.4,
"ISL","HUR","TOT","PC_LF","M","2019-03",3.5,
"ISL","HUR","TOT","PC_LF","M","2019-04",3.6,
"ISL","HUR","TOT","PC_LF","M","2019-05",3.8,
"ISL","HUR","TOT","PC_LF","M","2019-06",3.9,
"ISL","HUR","TOT","PC_LF","M","2019-07",4,
"ISL","HUR","TOT","PC_LF","M","2019-08",4.1,
"ISL","HUR","TOT","PC_LF","M","2019-09",4.2,
"ISL","HUR","TOT","PC_LF","M","2019-10",4.3,
"ISL","HUR","TOT","PC_LF","M","2019-11",4.4,
"ISL","HUR","TOT","PC_LF","M","2019-12",4.5,
"ISL","HUR","TOT","PC_LF","M","2020-01",4.8,
"ISL","HUR","TOT","PC_LF","M","2020-02",5,
"ISL","HUR","TOT","PC_LF","M","2020-03",5.3,
"ISL","HUR","TOT","PC_LF","M","2020-04",5.6,
"ISL","HUR","TOT","PC_LF","M","2020-05",5.8,
"ISL","HUR","TOT","PC_LF","M","2020-06",6,
"ISL","HUR","TOT","PC_LF","M","2020-07",6.2,
"ISL","HUR","TOT","PC_LF","M","2020-08",6.4,
"ISL","HUR","TOT","PC_LF","M","2020-09",6.5,
"ISL","HUR","TOT","PC_LF","M","2020-10",6.7,
"ISL","HUR","TOT","PC_LF","M","2020-11",6.8,
"ISL","HUR","TOT","PC_LF","M","2020-12",6.9,
"ISL","HUR","TOT","PC_LF","M","2021-01",6.8,
"ISL","HUR","TOT","PC_LF","M","2021-02",6.7,
"ISL","HUR","TOT","PC_LF","M","2021-03",6.6,
"ISL","HUR","TOT","PC_LF","M","2021-04",6.4,
"ISL","HUR","TOT","PC_LF","M","2021-05",6.1,
"ISL","HUR","TOT","PC_LF","M","2021-06",5.9,
"ISL","HUR","TOT","PC_LF","M","2021-07",5.6,
"ISL","HUR","TOT","PC_LF","M","2021-08",5.4,
"ISL","HUR","TOT","PC_LF","M","2021-09",5.2,
"ISL","HUR","TOT","PC_LF","M","2021-10",5.1,
"ISL","HUR","TOT","PC_LF","M","2021-11",5,
"IRL","HUR","TOT","PC_LF","M","2018-03",5.8,
"IRL","HUR","TOT","PC_LF","M","2018-04",5.9,
"IRL","HUR","TOT","PC_LF","M","2018-05",5.9,
"IRL","HUR","TOT","PC_LF","M","2018-06",5.8,
"IRL","HUR","TOT","PC_LF","M","2018-07",5.7,
"IRL","HUR","TOT","PC_LF","M","2018-08",5.6,
"IRL","HUR","TOT","PC_LF","M","2018-09",5.7,
"IRL","HUR","TOT","PC_LF","M","2018-10",5.8,
"IRL","HUR","TOT","PC_LF","M","2018-11",5.7,
"IRL","HUR","TOT","PC_LF","M","2018-12",5.5,
"IRL","HUR","TOT","PC_LF","M","2019-01",5.1,
"IRL","HUR","TOT","PC_LF","M","2019-02",4.9,
"IRL","HUR","TOT","PC_LF","M","2019-03",5,
"IRL","HUR","TOT","PC_LF","M","2019-04",5.1,
"IRL","HUR","TOT","PC_LF","M","2019-05",5.2,
"IRL","HUR","TOT","PC_LF","M","2019-06",5.2,
"IRL","HUR","TOT","PC_LF","M","2019-07",5.1,
"IRL","HUR","TOT","PC_LF","M","2019-08",4.9,
"IRL","HUR","TOT","PC_LF","M","2019-09",4.8,
"IRL","HUR","TOT","PC_LF","M","2019-10",4.7,
"IRL","HUR","TOT","PC_LF","M","2019-11",4.8,
"IRL","HUR","TOT","PC_LF","M","2019-12",4.8,
"IRL","HUR","TOT","PC_LF","M","2020-01",4.9,
"IRL","HUR","TOT","PC_LF","M","2020-02",4.9,
"IRL","HUR","TOT","PC_LF","M","2020-03",5,
"IRL","HUR","TOT","PC_LF","M","2020-04",4.7,
"IRL","HUR","TOT","PC_LF","M","2020-05",5,
"IRL","HUR","TOT","PC_LF","M","2020-06",5.6,
"IRL","HUR","TOT","PC_LF","M","2020-07",6.7,
"IRL","HUR","TOT","PC_LF","M","2020-08",7.1,
"IRL","HUR","TOT","PC_LF","M","2020-09",7.2,
"IRL","HUR","TOT","PC_LF","M","2020-10",6.4,
"IRL","HUR","TOT","PC_LF","M","2020-11",6.2,
"IRL","HUR","TOT","PC_LF","M","2020-12",6.2,
"IRL","HUR","TOT","PC_LF","M","2021-01",7,
"IRL","HUR","TOT","PC_LF","M","2021-02",7.6,
"IRL","HUR","TOT","PC_LF","M","2021-03",7.9,
"IRL","HUR","TOT","PC_LF","M","2021-04",7.6,
"IRL","HUR","TOT","PC_LF","M","2021-05",6.9,
"IRL","HUR","TOT","PC_LF","M","2021-06",6.3,
"IRL","HUR","TOT","PC_LF","M","2021-07",5.7,
"IRL","HUR","TOT","PC_LF","M","2021-08",5.4,
"IRL","HUR","TOT","PC_LF","M","2021-09",5.2,
"IRL","HUR","TOT","PC_LF","M","2021-10",5.2,
"IRL","HUR","TOT","PC_LF","M","2021-11",5.2,
"ITA","HUR","TOT","PC_LF","M","2018-03",11,"P"
"ITA","HUR","TOT","PC_LF","M","2018-04",11.1,"P"
"ITA","HUR","TOT","PC_LF","M","2018-05",10.6,"P"
"ITA","HUR","TOT","PC_LF","M","2018-06",10.9,"P"
"ITA","HUR","TOT","PC_LF","M","2018-07",10.5,"P"
"ITA","HUR","TOT","PC_LF","M","2018-08",10.2,"P"
"ITA","HUR","TOT","PC_LF","M","2018-09",10.4,"P"
"ITA","HUR","TOT","PC_LF","M","2018-10",10.8,"P"
"ITA","HUR","TOT","PC_LF","M","2018-11",10.6,"P"
"ITA","HUR","TOT","PC_LF","M","2018-12",10.3,"P"
"ITA","HUR","TOT","PC_LF","M","2019-01",10.5,"P"
"ITA","HUR","TOT","PC_LF","M","2019-02",10.5,"P"
"ITA","HUR","TOT","PC_LF","M","2019-03",10.1,"P"
"ITA","HUR","TOT","PC_LF","M","2019-04",10.4,"P"
"ITA","HUR","TOT","PC_LF","M","2019-05",10.1,"P"
"ITA","HUR","TOT","PC_LF","M","2019-06",9.7,"P"
"ITA","HUR","TOT","PC_LF","M","2019-07",9.7,"P"
"ITA","HUR","TOT","PC_LF","M","2019-08",9.6,"P"
"ITA","HUR","TOT","PC_LF","M","2019-09",9.8,"P"
"ITA","HUR","TOT","PC_LF","M","2019-10",9.7,"P"
"ITA","HUR","TOT","PC_LF","M","2019-11",9.9,"P"
"ITA","HUR","TOT","PC_LF","M","2019-12",9.9,"P"
"ITA","HUR","TOT","PC_LF","M","2020-01",9.7,"P"
"ITA","HUR","TOT","PC_LF","M","2020-02",9.7,"P"
"ITA","HUR","TOT","PC_LF","M","2020-03",7.3,"P"
"ITA","HUR","TOT","PC_LF","M","2020-04",7.4,"P"
"ITA","HUR","TOT","PC_LF","M","2020-05",8.5,"P"
"ITA","HUR","TOT","PC_LF","M","2020-06",9.5,"P"
"ITA","HUR","TOT","PC_LF","M","2020-07",10.1,"P"
"ITA","HUR","TOT","PC_LF","M","2020-08",10,"P"
"ITA","HUR","TOT","PC_LF","M","2020-09",10.1,"P"
"ITA","HUR","TOT","PC_LF","M","2020-10",10,"P"
"ITA","HUR","TOT","PC_LF","M","2020-11",9.6,"P"
"ITA","HUR","TOT","PC_LF","M","2020-12",9.8,"P"
"ITA","HUR","TOT","PC_LF","M","2021-01",10.2,"P"
"ITA","HUR","TOT","PC_LF","M","2021-02",10.1,"P"
"ITA","HUR","TOT","PC_LF","M","2021-03",10,"P"
"ITA","HUR","TOT","PC_LF","M","2021-04",10.1,"P"
"ITA","HUR","TOT","PC_LF","M","2021-05",9.9,"P"
"ITA","HUR","TOT","PC_LF","M","2021-06",9.4,"P"
"ITA","HUR","TOT","PC_LF","M","2021-07",9.2,"P"
"ITA","HUR","TOT","PC_LF","M","2021-08",9.3,"P"
"ITA","HUR","TOT","PC_LF","M","2021-09",9.2,"P"
"ITA","HUR","TOT","PC_LF","M","2021-10",9.4,"P"
"ITA","HUR","TOT","PC_LF","M","2021-11",9.2,"P"
"JPN","HUR","TOT","PC_LF","M","2018-03",2.5,
"JPN","HUR","TOT","PC_LF","M","2018-04",2.5,
"JPN","HUR","TOT","PC_LF","M","2018-05",2.2,
"JPN","HUR","TOT","PC_LF","M","2018-06",2.4,
"JPN","HUR","TOT","PC_LF","M","2018-07",2.5,
"JPN","HUR","TOT","PC_LF","M","2018-08",2.5,
"JPN","HUR","TOT","PC_LF","M","2018-09",2.3,
"JPN","HUR","TOT","PC_LF","M","2018-10",2.4,
"JPN","HUR","TOT","PC_LF","M","2018-11",2.5,
"JPN","HUR","TOT","PC_LF","M","2018-12",2.5,
"JPN","HUR","TOT","PC_LF","M","2019-01",2.5,
"JPN","HUR","TOT","PC_LF","M","2019-02",2.4,
"JPN","HUR","TOT","PC_LF","M","2019-03",2.5,
"JPN","HUR","TOT","PC_LF","M","2019-04",2.4,
"JPN","HUR","TOT","PC_LF","M","2019-05",2.3,
"JPN","HUR","TOT","PC_LF","M","2019-06",2.3,
"JPN","HUR","TOT","PC_LF","M","2019-07",2.3,
"JPN","HUR","TOT","PC_LF","M","2019-08",2.3,
"JPN","HUR","TOT","PC_LF","M","2019-09",2.4,
"JPN","HUR","TOT","PC_LF","M","2019-10",2.4,
"JPN","HUR","TOT","PC_LF","M","2019-11",2.3,
"JPN","HUR","TOT","PC_LF","M","2019-12",2.2,
"JPN","HUR","TOT","PC_LF","M","2020-01",2.4,
"JPN","HUR","TOT","PC_LF","M","2020-02",2.4,
"JPN","HUR","TOT","PC_LF","M","2020-03",2.5,
"JPN","HUR","TOT","PC_LF","M","2020-04",2.6,
"JPN","HUR","TOT","PC_LF","M","2020-05",2.8,
"JPN","HUR","TOT","PC_LF","M","2020-06",2.8,
"JPN","HUR","TOT","PC_LF","M","2020-07",2.9,
"JPN","HUR","TOT","PC_LF","M","2020-08",3,
"JPN","HUR","TOT","PC_LF","M","2020-09",3,
"JPN","HUR","TOT","PC_LF","M","2020-10",3.1,
"JPN","HUR","TOT","PC_LF","M","2020-11",3,
"JPN","HUR","TOT","PC_LF","M","2020-12",3,
"JPN","HUR","TOT","PC_LF","M","2021-01",2.9,
"JPN","HUR","TOT","PC_LF","M","2021-02",2.9,
"JPN","HUR","TOT","PC_LF","M","2021-03",2.6,
"JPN","HUR","TOT","PC_LF","M","2021-04",2.8,
"JPN","HUR","TOT","PC_LF","M","2021-05",3,
"JPN","HUR","TOT","PC_LF","M","2021-06",2.9,
"JPN","HUR","TOT","PC_LF","M","2021-07",2.8,
"JPN","HUR","TOT","PC_LF","M","2021-08",2.8,
"JPN","HUR","TOT","PC_LF","M","2021-09",2.8,
"JPN","HUR","TOT","PC_LF","M","2021-10",2.7,
"JPN","HUR","TOT","PC_LF","M","2021-11",2.8,
"KOR","HUR","TOT","PC_LF","M","2018-03",4,
"KOR","HUR","TOT","PC_LF","M","2018-04",3.8,
"KOR","HUR","TOT","PC_LF","M","2018-05",3.8,
"KOR","HUR","TOT","PC_LF","M","2018-06",3.6,
"KOR","HUR","TOT","PC_LF","M","2018-07",3.8,
"KOR","HUR","TOT","PC_LF","M","2018-08",4.3,
"KOR","HUR","TOT","PC_LF","M","2018-09",4.1,
"KOR","HUR","TOT","PC_LF","M","2018-10",4,
"KOR","HUR","TOT","PC_LF","M","2018-11",3.9,
"KOR","HUR","TOT","PC_LF","M","2018-12",3.8,
"KOR","HUR","TOT","PC_LF","M","2019-01",4.3,
"KOR","HUR","TOT","PC_LF","M","2019-02",3.8,
"KOR","HUR","TOT","PC_LF","M","2019-03",3.8,
"KOR","HUR","TOT","PC_LF","M","2019-04",4,
"KOR","HUR","TOT","PC_LF","M","2019-05",3.8,
"KOR","HUR","TOT","PC_LF","M","2019-06",3.9,
"KOR","HUR","TOT","PC_LF","M","2019-07",3.9,
"KOR","HUR","TOT","PC_LF","M","2019-08",3.2,
"KOR","HUR","TOT","PC_LF","M","2019-09",3.5,
"KOR","HUR","TOT","PC_LF","M","2019-10",3.5,
"KOR","HUR","TOT","PC_LF","M","2019-11",3.7,
"KOR","HUR","TOT","PC_LF","M","2019-12",3.7,
"KOR","HUR","TOT","PC_LF","M","2020-01",3.9,
"KOR","HUR","TOT","PC_LF","M","2020-02",3.4,
"KOR","HUR","TOT","PC_LF","M","2020-03",3.8,
"KOR","HUR","TOT","PC_LF","M","2020-04",3.8,
"KOR","HUR","TOT","PC_LF","M","2020-05",4.3,
"KOR","HUR","TOT","PC_LF","M","2020-06",4.2,
"KOR","HUR","TOT","PC_LF","M","2020-07",4.1,
"KOR","HUR","TOT","PC_LF","M","2020-08",3.3,
"KOR","HUR","TOT","PC_LF","M","2020-09",4,
"KOR","HUR","TOT","PC_LF","M","2020-10",4.2,
"KOR","HUR","TOT","PC_LF","M","2020-11",4.2,
"KOR","HUR","TOT","PC_LF","M","2020-12",4.5,
"KOR","HUR","TOT","PC_LF","M","2021-01",5.4,
"KOR","HUR","TOT","PC_LF","M","2021-02",4,
"KOR","HUR","TOT","PC_LF","M","2021-03",3.9,
"KOR","HUR","TOT","PC_LF","M","2021-04",3.7,
"KOR","HUR","TOT","PC_LF","M","2021-05",3.8,
"KOR","HUR","TOT","PC_LF","M","2021-06",3.7,
"KOR","HUR","TOT","PC_LF","M","2021-07",3.3,
"KOR","HUR","TOT","PC_LF","M","2021-08",2.8,
"KOR","HUR","TOT","PC_LF","M","2021-09",3,
"KOR","HUR","TOT","PC_LF","M","2021-10",3.2,
"KOR","HUR","TOT","PC_LF","M","2021-11",3.1,
"KOR","HUR","TOT","PC_LF","M","2021-12",3.8,
"LUX","HUR","TOT","PC_LF","M","2018-03",5.6,
"LUX","HUR","TOT","PC_LF","M","2018-04",5.5,
"LUX","HUR","TOT","PC_LF","M","2018-05",5.6,
"LUX","HUR","TOT","PC_LF","M","2018-06",5.6,
"LUX","HUR","TOT","PC_LF","M","2018-07",5.6,
"LUX","HUR","TOT","PC_LF","M","2018-08",5.7,
"LUX","HUR","TOT","PC_LF","M","2018-09",5.6,
"LUX","HUR","TOT","PC_LF","M","2018-10",5.5,
"LUX","HUR","TOT","PC_LF","M","2018-11",5.4,
"LUX","HUR","TOT","PC_LF","M","2018-12",5.2,
"LUX","HUR","TOT","PC_LF","M","2019-01",5.2,
"LUX","HUR","TOT","PC_LF","M","2019-02",5.4,
"LUX","HUR","TOT","PC_LF","M","2019-03",5.6,
"LUX","HUR","TOT","PC_LF","M","2019-04",5.7,
"LUX","HUR","TOT","PC_LF","M","2019-05",5.7,
"LUX","HUR","TOT","PC_LF","M","2019-06",5.7,
"LUX","HUR","TOT","PC_LF","M","2019-07",5.7,
"LUX","HUR","TOT","PC_LF","M","2019-08",5.7,
"LUX","HUR","TOT","PC_LF","M","2019-09",5.5,
"LUX","HUR","TOT","PC_LF","M","2019-10",5.5,
"LUX","HUR","TOT","PC_LF","M","2019-11",5.6,
"LUX","HUR","TOT","PC_LF","M","2019-12",5.6,
"LUX","HUR","TOT","PC_LF","M","2020-01",5.7,
"LUX","HUR","TOT","PC_LF","M","2020-02",5.7,
"LUX","HUR","TOT","PC_LF","M","2020-03",6.5,
"LUX","HUR","TOT","PC_LF","M","2020-04",7.4,
"LUX","HUR","TOT","PC_LF","M","2020-05",7.7,
"LUX","HUR","TOT","PC_LF","M","2020-06",7.6,
"LUX","HUR","TOT","PC_LF","M","2020-07",7.1,
"LUX","HUR","TOT","PC_LF","M","2020-08",6.7,
"LUX","HUR","TOT","PC_LF","M","2020-09",6.5,
"LUX","HUR","TOT","PC_LF","M","2020-10",6.2,
"LUX","HUR","TOT","PC_LF","M","2020-11",6.2,
"LUX","HUR","TOT","PC_LF","M","2020-12",6.4,"B"
"LUX","HUR","TOT","PC_LF","M","2021-01",6.3,
"LUX","HUR","TOT","PC_LF","M","2021-02",6.2,
"LUX","HUR","TOT","PC_LF","M","2021-03",6.1,
"LUX","HUR","TOT","PC_LF","M","2021-04",6.1,
"LUX","HUR","TOT","PC_LF","M","2021-05",5.9,
"LUX","HUR","TOT","PC_LF","M","2021-06",5.6,
"LUX","HUR","TOT","PC_LF","M","2021-07",5.5,
"LUX","HUR","TOT","PC_LF","M","2021-08",5.3,
"LUX","HUR","TOT","PC_LF","M","2021-09",5.2,
"LUX","HUR","TOT","PC_LF","M","2021-10",5,
"LUX","HUR","TOT","PC_LF","M","2021-11",5,
"MEX","HUR","TOT","PC_LF","M","2018-03",3.217869,
"MEX","HUR","TOT","PC_LF","M","2018-04",3.478965,
"MEX","HUR","TOT","PC_LF","M","2018-05",3.297199,
"MEX","HUR","TOT","PC_LF","M","2018-06",3.376733,
"MEX","HUR","TOT","PC_LF","M","2018-07",3.311849,
"MEX","HUR","TOT","PC_LF","M","2018-08",3.24688,
"MEX","HUR","TOT","PC_LF","M","2018-09",3.33018,
"MEX","HUR","TOT","PC_LF","M","2018-10",3.161229,
"MEX","HUR","TOT","PC_LF","M","2018-11",3.367123,
"MEX","HUR","TOT","PC_LF","M","2018-12",3.683334,
"MEX","HUR","TOT","PC_LF","M","2019-01",3.355774,
"MEX","HUR","TOT","PC_LF","M","2019-02",3.290296,
"MEX","HUR","TOT","PC_LF","M","2019-03",3.514186,
"MEX","HUR","TOT","PC_LF","M","2019-04",3.546234,
"MEX","HUR","TOT","PC_LF","M","2019-05",3.582297,
"MEX","HUR","TOT","PC_LF","M","2019-06",3.543545,
"MEX","HUR","TOT","PC_LF","M","2019-07",3.518803,
"MEX","HUR","TOT","PC_LF","M","2019-08",3.456553,
"MEX","HUR","TOT","PC_LF","M","2019-09",3.497934,
"MEX","HUR","TOT","PC_LF","M","2019-10",3.583845,
"MEX","HUR","TOT","PC_LF","M","2019-11",3.509379,
"MEX","HUR","TOT","PC_LF","M","2019-12",3.203415,
"MEX","HUR","TOT","PC_LF","M","2020-01",3.598796,
"MEX","HUR","TOT","PC_LF","M","2020-02",3.556037,
"MEX","HUR","TOT","PC_LF","M","2020-03",3.223095,"B"
"MEX","HUR","TOT","PC_LF","M","2020-04",4.825917,
"MEX","HUR","TOT","PC_LF","M","2020-05",4.309379,
"MEX","HUR","TOT","PC_LF","M","2020-06",5.52929,"B"
"MEX","HUR","TOT","PC_LF","M","2020-07",5.123737,
"MEX","HUR","TOT","PC_LF","M","2020-08",4.947667,
"MEX","HUR","TOT","PC_LF","M","2020-09",4.783014,
"MEX","HUR","TOT","PC_LF","M","2020-10",4.609905,
"MEX","HUR","TOT","PC_LF","M","2020-11",4.521331,
"MEX","HUR","TOT","PC_LF","M","2020-12",4.219,
"MEX","HUR","TOT","PC_LF","M","2021-01",4.465252,
"MEX","HUR","TOT","PC_LF","M","2021-02",4.391537,
"MEX","HUR","TOT","PC_LF","M","2021-03",4.291679,
"MEX","HUR","TOT","PC_LF","M","2021-04",4.805423,
"MEX","HUR","TOT","PC_LF","M","2021-05",4.121474,
"MEX","HUR","TOT","PC_LF","M","2021-06",4.01773,
"MEX","HUR","TOT","PC_LF","M","2021-07",4.17754,
"MEX","HUR","TOT","PC_LF","M","2021-08",4.028196,
"MEX","HUR","TOT","PC_LF","M","2021-09",3.883185,
"MEX","HUR","TOT","PC_LF","M","2021-10",3.844718,
"MEX","HUR","TOT","PC_LF","M","2021-11",3.768179,
"MEX","HUR","TOT","PC_LF","M","2021-12",3.887654,
"NLD","HUR","TOT","PC_LF","M","2018-03",3.9,
"NLD","HUR","TOT","PC_LF","M","2018-04",3.9,
"NLD","HUR","TOT","PC_LF","M","2018-05",3.9,
"NLD","HUR","TOT","PC_LF","M","2018-06",3.9,
"NLD","HUR","TOT","PC_LF","M","2018-07",3.8,
"NLD","HUR","TOT","PC_LF","M","2018-08",3.9,
"NLD","HUR","TOT","PC_LF","M","2018-09",3.7,
"NLD","HUR","TOT","PC_LF","M","2018-10",3.7,
"NLD","HUR","TOT","PC_LF","M","2018-11",3.5,
"NLD","HUR","TOT","PC_LF","M","2018-12",3.6,
"NLD","HUR","TOT","PC_LF","M","2019-01",3.6,
"NLD","HUR","TOT","PC_LF","M","2019-02",3.4,
"NLD","HUR","TOT","PC_LF","M","2019-03",3.3,
"NLD","HUR","TOT","PC_LF","M","2019-04",3.3,
"NLD","HUR","TOT","PC_LF","M","2019-05",3.3,
"NLD","HUR","TOT","PC_LF","M","2019-06",3.4,
"NLD","HUR","TOT","PC_LF","M","2019-07",3.4,
"NLD","HUR","TOT","PC_LF","M","2019-08",3.5,
"NLD","HUR","TOT","PC_LF","M","2019-09",3.5,
"NLD","HUR","TOT","PC_LF","M","2019-10",3.5,
"NLD","HUR","TOT","PC_LF","M","2019-11",3.5,
"NLD","HUR","TOT","PC_LF","M","2019-12",3.2,
"NLD","HUR","TOT","PC_LF","M","2020-01",3,
"NLD","HUR","TOT","PC_LF","M","2020-02",2.9,
"NLD","HUR","TOT","PC_LF","M","2020-03",2.9,
"NLD","HUR","TOT","PC_LF","M","2020-04",3.4,
"NLD","HUR","TOT","PC_LF","M","2020-05",3.6,
"NLD","HUR","TOT","PC_LF","M","2020-06",4.3,
"NLD","HUR","TOT","PC_LF","M","2020-07",4.5,
"NLD","HUR","TOT","PC_LF","M","2020-08",4.6,
"NLD","HUR","TOT","PC_LF","M","2020-09",4.4,
"NLD","HUR","TOT","PC_LF","M","2020-10",4.3,
"NLD","HUR","TOT","PC_LF","M","2020-11",4,
"NLD","HUR","TOT","PC_LF","M","2020-12",3.9,
"NLD","HUR","TOT","PC_LF","M","2021-01",3.6,
"NLD","HUR","TOT","PC_LF","M","2021-02",3.6,
"NLD","HUR","TOT","PC_LF","M","2021-03",3.5,
"NLD","HUR","TOT","PC_LF","M","2021-04",3.4,
"NLD","HUR","TOT","PC_LF","M","2021-05",3.3,
"NLD","HUR","TOT","PC_LF","M","2021-06",3.2,
"NLD","HUR","TOT","PC_LF","M","2021-07",3.1,
"NLD","HUR","TOT","PC_LF","M","2021-08",3.2,
"NLD","HUR","TOT","PC_LF","M","2021-09",3.1,
"NLD","HUR","TOT","PC_LF","M","2021-10",2.9,
"NLD","HUR","TOT","PC_LF","M","2021-11",2.7,
"NOR","HUR","TOT","PC_LF","M","2018-03",3.9,
"NOR","HUR","TOT","PC_LF","M","2018-04",3.8,
"NOR","HUR","TOT","PC_LF","M","2018-05",3.9,
"NOR","HUR","TOT","PC_LF","M","2018-06",3.8,
"NOR","HUR","TOT","PC_LF","M","2018-07",4,
"NOR","HUR","TOT","PC_LF","M","2018-08",4,
"NOR","HUR","TOT","PC_LF","M","2018-09",3.9,
"NOR","HUR","TOT","PC_LF","M","2018-10",3.9,
"NOR","HUR","TOT","PC_LF","M","2018-11",3.7,
"NOR","HUR","TOT","PC_LF","M","2018-12",3.7,
"NOR","HUR","TOT","PC_LF","M","2019-01",3.8,
"NOR","HUR","TOT","PC_LF","M","2019-02",3.8,
"NOR","HUR","TOT","PC_LF","M","2019-03",3.6,
"NOR","HUR","TOT","PC_LF","M","2019-04",3.3,
"NOR","HUR","TOT","PC_LF","M","2019-05",3.4,
"NOR","HUR","TOT","PC_LF","M","2019-06",3.6,
"NOR","HUR","TOT","PC_LF","M","2019-07",3.8,
"NOR","HUR","TOT","PC_LF","M","2019-08",3.7,
"NOR","HUR","TOT","PC_LF","M","2019-09",3.9,
"NOR","HUR","TOT","PC_LF","M","2019-10",3.8,
"NOR","HUR","TOT","PC_LF","M","2019-11",4,
"NOR","HUR","TOT","PC_LF","M","2019-12",3.9,
"NOR","HUR","TOT","PC_LF","M","2020-01",3.7,
"NOR","HUR","TOT","PC_LF","M","2020-02",3.5,
"NOR","HUR","TOT","PC_LF","M","2020-03",3.6,
"NOR","HUR","TOT","PC_LF","M","2020-04",4.1,
"NOR","HUR","TOT","PC_LF","M","2020-05",4.6,
"NOR","HUR","TOT","PC_LF","M","2020-06",5.2,
"NOR","HUR","TOT","PC_LF","M","2020-07",5.2,
"NOR","HUR","TOT","PC_LF","M","2020-08",5.3,
"NOR","HUR","TOT","PC_LF","M","2020-09",5.1,
"NOR","HUR","TOT","PC_LF","M","2020-10",5.2,
"NOR","HUR","TOT","PC_LF","M","2020-11",5,
"NOR","HUR","TOT","PC_LF","M","2020-12",4.9,
"NOR","HUR","TOT","PC_LF","M","2021-01",4.9,
"NOR","HUR","TOT","PC_LF","M","2021-02",4.7,
"NOR","HUR","TOT","PC_LF","M","2021-03",4.8,
"NOR","HUR","TOT","PC_LF","M","2021-04",5,
"NOR","HUR","TOT","PC_LF","M","2021-05",5,
"NOR","HUR","TOT","PC_LF","M","2021-06",4.9,
"NOR","HUR","TOT","PC_LF","M","2021-07",4.3,
"NOR","HUR","TOT","PC_LF","M","2021-08",4,
"NOR","HUR","TOT","PC_LF","M","2021-09",3.6,
"NOR","HUR","TOT","PC_LF","M","2021-10",3.6,
"POL","HUR","TOT","PC_LF","M","2018-03",3.8,
"POL","HUR","TOT","PC_LF","M","2018-04",3.7,
"POL","HUR","TOT","PC_LF","M","2018-05",3.7,
"POL","HUR","TOT","PC_LF","M","2018-06",3.8,
"POL","HUR","TOT","PC_LF","M","2018-07",3.9,
"POL","HUR","TOT","PC_LF","M","2018-08",4,
"POL","HUR","TOT","PC_LF","M","2018-09",4,
"POL","HUR","TOT","PC_LF","M","2018-10",3.9,
"POL","HUR","TOT","PC_LF","M","2018-11",3.9,
"POL","HUR","TOT","PC_LF","M","2018-12",3.9,
"POL","HUR","TOT","PC_LF","M","2019-01",3.8,
"POL","HUR","TOT","PC_LF","M","2019-02",3.7,
"POL","HUR","TOT","PC_LF","M","2019-03",3.6,
"POL","HUR","TOT","PC_LF","M","2019-04",3.4,
"POL","HUR","TOT","PC_LF","M","2019-05",3.3,
"POL","HUR","TOT","PC_LF","M","2019-06",3.2,
"POL","HUR","TOT","PC_LF","M","2019-07",3.2,
"POL","HUR","TOT","PC_LF","M","2019-08",3.1,
"POL","HUR","TOT","PC_LF","M","2019-09",3.1,
"POL","HUR","TOT","PC_LF","M","2019-10",3,
"POL","HUR","TOT","PC_LF","M","2019-11",3,
"POL","HUR","TOT","PC_LF","M","2019-12",3,
"POL","HUR","TOT","PC_LF","M","2020-01",3,
"POL","HUR","TOT","PC_LF","M","2020-02",3,
"POL","HUR","TOT","PC_LF","M","2020-03",2.9,
"POL","HUR","TOT","PC_LF","M","2020-04",3,
"POL","HUR","TOT","PC_LF","M","2020-05",3.2,
"POL","HUR","TOT","PC_LF","M","2020-06",3.3,
"POL","HUR","TOT","PC_LF","M","2020-07",3.4,
"POL","HUR","TOT","PC_LF","M","2020-08",3.3,
"POL","HUR","TOT","PC_LF","M","2020-09",3.3,
"POL","HUR","TOT","PC_LF","M","2020-10",3.2,
"POL","HUR","TOT","PC_LF","M","2020-11",3.2,
"POL","HUR","TOT","PC_LF","M","2020-12",3.4,"B"
"POL","HUR","TOT","PC_LF","M","2021-01",3.7,
"POL","HUR","TOT","PC_LF","M","2021-02",3.9,
"POL","HUR","TOT","PC_LF","M","2021-03",3.9,
"POL","HUR","TOT","PC_LF","M","2021-04",3.8,
"POL","HUR","TOT","PC_LF","M","2021-05",3.6,
"POL","HUR","TOT","PC_LF","M","2021-06",3.4,
"POL","HUR","TOT","PC_LF","M","2021-07",3.2,
"POL","HUR","TOT","PC_LF","M","2021-08",3.1,
"POL","HUR","TOT","PC_LF","M","2021-09",3,
"POL","HUR","TOT","PC_LF","M","2021-10",3,
"POL","HUR","TOT","PC_LF","M","2021-11",3,
"PRT","HUR","TOT","PC_LF","M","2018-03",7.6,
"PRT","HUR","TOT","PC_LF","M","2018-04",7.3,
"PRT","HUR","TOT","PC_LF","M","2018-05",7.2,
"PRT","HUR","TOT","PC_LF","M","2018-06",7,
"PRT","HUR","TOT","PC_LF","M","2018-07",7,
"PRT","HUR","TOT","PC_LF","M","2018-08",7.1,
"PRT","HUR","TOT","PC_LF","M","2018-09",6.8,
"PRT","HUR","TOT","PC_LF","M","2018-10",6.8,
"PRT","HUR","TOT","PC_LF","M","2018-11",6.8,
"PRT","HUR","TOT","PC_LF","M","2018-12",6.7,
"PRT","HUR","TOT","PC_LF","M","2019-01",6.7,
"PRT","HUR","TOT","PC_LF","M","2019-02",6.6,
"PRT","HUR","TOT","PC_LF","M","2019-03",6.6,
"PRT","HUR","TOT","PC_LF","M","2019-04",6.7,
"PRT","HUR","TOT","PC_LF","M","2019-05",6.7,
"PRT","HUR","TOT","PC_LF","M","2019-06",6.7,
"PRT","HUR","TOT","PC_LF","M","2019-07",6.6,
"PRT","HUR","TOT","PC_LF","M","2019-08",6.5,
"PRT","HUR","TOT","PC_LF","M","2019-09",6.7,
"PRT","HUR","TOT","PC_LF","M","2019-10",6.6,
"PRT","HUR","TOT","PC_LF","M","2019-11",6.8,
"PRT","HUR","TOT","PC_LF","M","2019-12",6.8,
"PRT","HUR","TOT","PC_LF","M","2020-01",6.9,
"PRT","HUR","TOT","PC_LF","M","2020-02",6.6,
"PRT","HUR","TOT","PC_LF","M","2020-03",6.3,
"PRT","HUR","TOT","PC_LF","M","2020-04",6.4,
"PRT","HUR","TOT","PC_LF","M","2020-05",6,
"PRT","HUR","TOT","PC_LF","M","2020-06",7.5,
"PRT","HUR","TOT","PC_LF","M","2020-07",8.1,
"PRT","HUR","TOT","PC_LF","M","2020-08",8.2,
"PRT","HUR","TOT","PC_LF","M","2020-09",8,
"PRT","HUR","TOT","PC_LF","M","2020-10",7.6,
"PRT","HUR","TOT","PC_LF","M","2020-11",7.2,
"PRT","HUR","TOT","PC_LF","M","2020-12",6.9,
"PRT","HUR","TOT","PC_LF","M","2021-01",7,
"PRT","HUR","TOT","PC_LF","M","2021-02",6.9,
"PRT","HUR","TOT","PC_LF","M","2021-03",6.6,
"PRT","HUR","TOT","PC_LF","M","2021-04",7,
"PRT","HUR","TOT","PC_LF","M","2021-05",7,
"PRT","HUR","TOT","PC_LF","M","2021-06",6.8,
"PRT","HUR","TOT","PC_LF","M","2021-07",6.6,
"PRT","HUR","TOT","PC_LF","M","2021-08",6.3,
"PRT","HUR","TOT","PC_LF","M","2021-09",6.4,
"PRT","HUR","TOT","PC_LF","M","2021-10",6.4,
"PRT","HUR","TOT","PC_LF","M","2021-11",6.3,
"SVK","HUR","TOT","PC_LF","M","2018-03",7,
"SVK","HUR","TOT","PC_LF","M","2018-04",6.8,
"SVK","HUR","TOT","PC_LF","M","2018-05",6.7,
"SVK","HUR","TOT","PC_LF","M","2018-06",6.6,
"SVK","HUR","TOT","PC_LF","M","2018-07",6.4,
"SVK","HUR","TOT","PC_LF","M","2018-08",6.3,
"SVK","HUR","TOT","PC_LF","M","2018-09",6.3,
"SVK","HUR","TOT","PC_LF","M","2018-10",6.2,
"SVK","HUR","TOT","PC_LF","M","2018-11",6.1,
"SVK","HUR","TOT","PC_LF","M","2018-12",6,
"SVK","HUR","TOT","PC_LF","M","2019-01",5.9,
"SVK","HUR","TOT","PC_LF","M","2019-02",5.8,
"SVK","HUR","TOT","PC_LF","M","2019-03",5.8,
"SVK","HUR","TOT","PC_LF","M","2019-04",5.7,
"SVK","HUR","TOT","PC_LF","M","2019-05",5.7,
"SVK","HUR","TOT","PC_LF","M","2019-06",5.7,
"SVK","HUR","TOT","PC_LF","M","2019-07",5.7,
"SVK","HUR","TOT","PC_LF","M","2019-08",5.7,
"SVK","HUR","TOT","PC_LF","M","2019-09",5.7,
"SVK","HUR","TOT","PC_LF","M","2019-10",5.7,
"SVK","HUR","TOT","PC_LF","M","2019-11",5.7,
"SVK","HUR","TOT","PC_LF","M","2019-12",5.8,
"SVK","HUR","TOT","PC_LF","M","2020-01",6,
"SVK","HUR","TOT","PC_LF","M","2020-02",6,
"SVK","HUR","TOT","PC_LF","M","2020-03",6,
"SVK","HUR","TOT","PC_LF","M","2020-04",6.6,
"SVK","HUR","TOT","PC_LF","M","2020-05",6.7,
"SVK","HUR","TOT","PC_LF","M","2020-06",6.7,
"SVK","HUR","TOT","PC_LF","M","2020-07",7,
"SVK","HUR","TOT","PC_LF","M","2020-08",7.1,
"SVK","HUR","TOT","PC_LF","M","2020-09",7,
"SVK","HUR","TOT","PC_LF","M","2020-10",7,
"SVK","HUR","TOT","PC_LF","M","2020-11",7.1,
"SVK","HUR","TOT","PC_LF","M","2020-12",7.1,"B"
"SVK","HUR","TOT","PC_LF","M","2021-01",7.1,
"SVK","HUR","TOT","PC_LF","M","2021-02",7.1,
"SVK","HUR","TOT","PC_LF","M","2021-03",7.2,
"SVK","HUR","TOT","PC_LF","M","2021-04",7.1,
"SVK","HUR","TOT","PC_LF","M","2021-05",7,
"SVK","HUR","TOT","PC_LF","M","2021-06",6.9,
"SVK","HUR","TOT","PC_LF","M","2021-07",6.7,
"SVK","HUR","TOT","PC_LF","M","2021-08",6.6,
"SVK","HUR","TOT","PC_LF","M","2021-09",6.5,
"SVK","HUR","TOT","PC_LF","M","2021-10",6.4,
"SVK","HUR","TOT","PC_LF","M","2021-11",6.3,
"ESP","HUR","TOT","PC_LF","M","2018-03",16,
"ESP","HUR","TOT","PC_LF","M","2018-04",15.7,
"ESP","HUR","TOT","PC_LF","M","2018-05",15.4,
"ESP","HUR","TOT","PC_LF","M","2018-06",15.1,
"ESP","HUR","TOT","PC_LF","M","2018-07",14.9,
"ESP","HUR","TOT","PC_LF","M","2018-08",14.8,
"ESP","HUR","TOT","PC_LF","M","2018-09",14.7,
"ESP","HUR","TOT","PC_LF","M","2018-10",14.6,
"ESP","HUR","TOT","PC_LF","M","2018-11",14.5,
"ESP","HUR","TOT","PC_LF","M","2018-12",14.4,
"ESP","HUR","TOT","PC_LF","M","2019-01",14.4,
"ESP","HUR","TOT","PC_LF","M","2019-02",14.4,
"ESP","HUR","TOT","PC_LF","M","2019-03",14.3,
"ESP","HUR","TOT","PC_LF","M","2019-04",14.1,
"ESP","HUR","TOT","PC_LF","M","2019-05",14.1,
"ESP","HUR","TOT","PC_LF","M","2019-06",14.1,
"ESP","HUR","TOT","PC_LF","M","2019-07",14.2,
"ESP","HUR","TOT","PC_LF","M","2019-08",14.1,
"ESP","HUR","TOT","PC_LF","M","2019-09",14,
"ESP","HUR","TOT","PC_LF","M","2019-10",13.9,
"ESP","HUR","TOT","PC_LF","M","2019-11",13.9,
"ESP","HUR","TOT","PC_LF","M","2019-12",13.8,
"ESP","HUR","TOT","PC_LF","M","2020-01",13.9,
"ESP","HUR","TOT","PC_LF","M","2020-02",13.8,
"ESP","HUR","TOT","PC_LF","M","2020-03",14.5,
"ESP","HUR","TOT","PC_LF","M","2020-04",15.1,
"ESP","HUR","TOT","PC_LF","M","2020-05",15.3,
"ESP","HUR","TOT","PC_LF","M","2020-06",15.9,
"ESP","HUR","TOT","PC_LF","M","2020-07",16.3,
"ESP","HUR","TOT","PC_LF","M","2020-08",16.6,
"ESP","HUR","TOT","PC_LF","M","2020-09",16.5,
"ESP","HUR","TOT","PC_LF","M","2020-10",16.3,
"ESP","HUR","TOT","PC_LF","M","2020-11",16.2,
"ESP","HUR","TOT","PC_LF","M","2020-12",16.2,
"ESP","HUR","TOT","PC_LF","M","2021-01",15.8,
"ESP","HUR","TOT","PC_LF","M","2021-02",15.7,
"ESP","HUR","TOT","PC_LF","M","2021-03",15.4,
"ESP","HUR","TOT","PC_LF","M","2021-04",15.4,
"ESP","HUR","TOT","PC_LF","M","2021-05",15.4,
"ESP","HUR","TOT","PC_LF","M","2021-06",15.3,
"ESP","HUR","TOT","PC_LF","M","2021-07",15,
"ESP","HUR","TOT","PC_LF","M","2021-08",14.7,
"ESP","HUR","TOT","PC_LF","M","2021-09",14.6,
"ESP","HUR","TOT","PC_LF","M","2021-10",14.4,
"ESP","HUR","TOT","PC_LF","M","2021-11",14.1,
"SWE","HUR","TOT","PC_LF","M","2018-03",6.1,
"SWE","HUR","TOT","PC_LF","M","2018-04",6.4,
"SWE","HUR","TOT","PC_LF","M","2018-05",5.9,
"SWE","HUR","TOT","PC_LF","M","2018-06",6.4,"B"
"SWE","HUR","TOT","PC_LF","M","2018-07",6.4,
"SWE","HUR","TOT","PC_LF","M","2018-08",6.3,
"SWE","HUR","TOT","PC_LF","M","2018-09",6.5,
"SWE","HUR","TOT","PC_LF","M","2018-10",6.4,
"SWE","HUR","TOT","PC_LF","M","2018-11",6.5,
"SWE","HUR","TOT","PC_LF","M","2018-12",6.6,
"SWE","HUR","TOT","PC_LF","M","2019-01",6.2,
"SWE","HUR","TOT","PC_LF","M","2019-02",6.7,
"SWE","HUR","TOT","PC_LF","M","2019-03",7.2,
"SWE","HUR","TOT","PC_LF","M","2019-04",6.4,
"SWE","HUR","TOT","PC_LF","M","2019-05",6.5,
"SWE","HUR","TOT","PC_LF","M","2019-06",6.3,
"SWE","HUR","TOT","PC_LF","M","2019-07",7.1,
"SWE","HUR","TOT","PC_LF","M","2019-08",7.1,
"SWE","HUR","TOT","PC_LF","M","2019-09",6.7,
"SWE","HUR","TOT","PC_LF","M","2019-10",6.8,
"SWE","HUR","TOT","PC_LF","M","2019-11",7.6,
"SWE","HUR","TOT","PC_LF","M","2019-12",6.7,
"SWE","HUR","TOT","PC_LF","M","2020-01",7.2,
"SWE","HUR","TOT","PC_LF","M","2020-02",7.6,
"SWE","HUR","TOT","PC_LF","M","2020-03",6.6,
"SWE","HUR","TOT","PC_LF","M","2020-04",7.9,
"SWE","HUR","TOT","PC_LF","M","2020-05",8.4,
"SWE","HUR","TOT","PC_LF","M","2020-06",9,
"SWE","HUR","TOT","PC_LF","M","2020-07",9.2,
"SWE","HUR","TOT","PC_LF","M","2020-08",9,
"SWE","HUR","TOT","PC_LF","M","2020-09",8.9,
"SWE","HUR","TOT","PC_LF","M","2020-10",8.7,
"SWE","HUR","TOT","PC_LF","M","2020-11",8.4,
"SWE","HUR","TOT","PC_LF","M","2020-12",8.8,"B"
"SWE","HUR","TOT","PC_LF","M","2021-01",9,
"SWE","HUR","TOT","PC_LF","M","2021-02",9,
"SWE","HUR","TOT","PC_LF","M","2021-03",9.4,
"SWE","HUR","TOT","PC_LF","M","2021-04",9.1,
"SWE","HUR","TOT","PC_LF","M","2021-05",9.1,
"SWE","HUR","TOT","PC_LF","M","2021-06",9.4,
"SWE","HUR","TOT","PC_LF","M","2021-07",8.3,
"SWE","HUR","TOT","PC_LF","M","2021-08",8.8,
"SWE","HUR","TOT","PC_LF","M","2021-09",8.8,
"SWE","HUR","TOT","PC_LF","M","2021-10",8.5,
"SWE","HUR","TOT","PC_LF","M","2021-11",8.3,
"TUR","HUR","TOT","PC_LF","M","2018-03",10,
"TUR","HUR","TOT","PC_LF","M","2018-04",10.2,
"TUR","HUR","TOT","PC_LF","M","2018-05",10.6,
"TUR","HUR","TOT","PC_LF","M","2018-06",10.7,
"TUR","HUR","TOT","PC_LF","M","2018-07",10.8,
"TUR","HUR","TOT","PC_LF","M","2018-08",11.2,
"TUR","HUR","TOT","PC_LF","M","2018-09",11.5,
"TUR","HUR","TOT","PC_LF","M","2018-10",11.6,
"TUR","HUR","TOT","PC_LF","M","2018-11",12.2,
"TUR","HUR","TOT","PC_LF","M","2018-12",12.7,
"TUR","HUR","TOT","PC_LF","M","2019-01",13.5,
"TUR","HUR","TOT","PC_LF","M","2019-02",13.9,
"TUR","HUR","TOT","PC_LF","M","2019-03",13.9,
"TUR","HUR","TOT","PC_LF","M","2019-04",13.7,
"TUR","HUR","TOT","PC_LF","M","2019-05",13.7,
"TUR","HUR","TOT","PC_LF","M","2019-06",13.7,
"TUR","HUR","TOT","PC_LF","M","2019-07",13.9,
"TUR","HUR","TOT","PC_LF","M","2019-08",14,
"TUR","HUR","TOT","PC_LF","M","2019-09",14.1,
"TUR","HUR","TOT","PC_LF","M","2019-10",13.5,
"TUR","HUR","TOT","PC_LF","M","2019-11",13.4,
"TUR","HUR","TOT","PC_LF","M","2019-12",13.4,
"TUR","HUR","TOT","PC_LF","M","2020-01",13.1,
"TUR","HUR","TOT","PC_LF","M","2020-02",12.8,
"TUR","HUR","TOT","PC_LF","M","2020-03",13.1,
"TUR","HUR","TOT","PC_LF","M","2020-04",13.3,
"TUR","HUR","TOT","PC_LF","M","2020-05",13.2,
"TUR","HUR","TOT","PC_LF","M","2020-06",13.3,
"TUR","HUR","TOT","PC_LF","M","2020-07",14.4,
"TUR","HUR","TOT","PC_LF","M","2020-08",13,
"TUR","HUR","TOT","PC_LF","M","2020-09",12.8,
"TUR","HUR","TOT","PC_LF","M","2020-10",13.1,
"TUR","HUR","TOT","PC_LF","M","2020-11",13,
"TUR","HUR","TOT","PC_LF","M","2020-12",12.7,
"TUR","HUR","TOT","PC_LF","M","2021-01",12.7,
"TUR","HUR","TOT","PC_LF","M","2021-02",13.2,
"TUR","HUR","TOT","PC_LF","M","2021-03",13,
"TUR","HUR","TOT","PC_LF","M","2021-04",13.4,
"TUR","HUR","TOT","PC_LF","M","2021-05",12.6,
"TUR","HUR","TOT","PC_LF","M","2021-06",10.6,
"TUR","HUR","TOT","PC_LF","M","2021-07",11.8,
"TUR","HUR","TOT","PC_LF","M","2021-08",11.8,
"TUR","HUR","TOT","PC_LF","M","2021-09",11.5,
"TUR","HUR","TOT","PC_LF","M","2021-10",11.2,
"TUR","HUR","TOT","PC_LF","M","2021-11",11.2,
"GBR","HUR","TOT","PC_LF","M","2018-03",4.188944,
"GBR","HUR","TOT","PC_LF","M","2018-04",4.16536,
"GBR","HUR","TOT","PC_LF","M","2018-05",4.036543,
"GBR","HUR","TOT","PC_LF","M","2018-06",4.021197,
"GBR","HUR","TOT","PC_LF","M","2018-07",4.034669,
"GBR","HUR","TOT","PC_LF","M","2018-08",4.073369,
"GBR","HUR","TOT","PC_LF","M","2018-09",4.055318,
"GBR","HUR","TOT","PC_LF","M","2018-10",4.039087,
"GBR","HUR","TOT","PC_LF","M","2018-11",4.013542,
"GBR","HUR","TOT","PC_LF","M","2018-12",3.930562,
"GBR","HUR","TOT","PC_LF","M","2019-01",3.941531,
"GBR","HUR","TOT","PC_LF","M","2019-02",3.817801,
"GBR","HUR","TOT","PC_LF","M","2019-03",3.830274,
"GBR","HUR","TOT","PC_LF","M","2019-04",3.795611,
"GBR","HUR","TOT","PC_LF","M","2019-05",3.892838,
"GBR","HUR","TOT","PC_LF","M","2019-06",3.797049,
"GBR","HUR","TOT","PC_LF","M","2019-07",3.862741,
"GBR","HUR","TOT","PC_LF","M","2019-08",3.833198,
"GBR","HUR","TOT","PC_LF","M","2019-09",3.757134,
"GBR","HUR","TOT","PC_LF","M","2019-10",3.818563,
"GBR","HUR","TOT","PC_LF","M","2019-11",3.768513,
"GBR","HUR","TOT","PC_LF","M","2019-12",3.912849,
"GBR","HUR","TOT","PC_LF","M","2020-01",3.961213,
"GBR","HUR","TOT","PC_LF","M","2020-02",3.996721,
"GBR","HUR","TOT","PC_LF","M","2020-03",4.04138,
"GBR","HUR","TOT","PC_LF","M","2020-04",4.14699,
"GBR","HUR","TOT","PC_LF","M","2020-05",4.137189,
"GBR","HUR","TOT","PC_LF","M","2020-06",4.318904,
"GBR","HUR","TOT","PC_LF","M","2020-07",4.538391,
"GBR","HUR","TOT","PC_LF","M","2020-08",4.84807,
"GBR","HUR","TOT","PC_LF","M","2020-09",5.049924,
"GBR","HUR","TOT","PC_LF","M","2020-10",5.10721,
"GBR","HUR","TOT","PC_LF","M","2020-11",5.219832,
"GBR","HUR","TOT","PC_LF","M","2020-12",5.134026,
"GBR","HUR","TOT","PC_LF","M","2021-01",5.034872,
"GBR","HUR","TOT","PC_LF","M","2021-02",4.885616,
"GBR","HUR","TOT","PC_LF","M","2021-03",4.840756,
"GBR","HUR","TOT","PC_LF","M","2021-04",4.839443,
"GBR","HUR","TOT","PC_LF","M","2021-05",4.723915,
"GBR","HUR","TOT","PC_LF","M","2021-06",4.572463,
"GBR","HUR","TOT","PC_LF","M","2021-07",4.451372,
"GBR","HUR","TOT","PC_LF","M","2021-08",4.263134,
"GBR","HUR","TOT","PC_LF","M","2021-09",4.195306,
"GBR","HUR","TOT","PC_LF","M","2021-10",4.082858,
"USA","HUR","TOT","PC_LF","M","2018-03",4,
"USA","HUR","TOT","PC_LF","M","2018-04",4,
"USA","HUR","TOT","PC_LF","M","2018-05",3.8,
"USA","HUR","TOT","PC_LF","M","2018-06",4,
"USA","HUR","TOT","PC_LF","M","2018-07",3.8,
"USA","HUR","TOT","PC_LF","M","2018-08",3.8,
"USA","HUR","TOT","PC_LF","M","2018-09",3.7,
"USA","HUR","TOT","PC_LF","M","2018-10",3.8,
"USA","HUR","TOT","PC_LF","M","2018-11",3.8,
"USA","HUR","TOT","PC_LF","M","2018-12",3.9,
"USA","HUR","TOT","PC_LF","M","2019-01",4,
"USA","HUR","TOT","PC_LF","M","2019-02",3.8,
"USA","HUR","TOT","PC_LF","M","2019-03",3.8,
"USA","HUR","TOT","PC_LF","M","2019-04",3.6,
"USA","HUR","TOT","PC_LF","M","2019-05",3.6,
"USA","HUR","TOT","PC_LF","M","2019-06",3.6,
"USA","HUR","TOT","PC_LF","M","2019-07",3.7,
"USA","HUR","TOT","PC_LF","M","2019-08",3.7,
"USA","HUR","TOT","PC_LF","M","2019-09",3.5,
"USA","HUR","TOT","PC_LF","M","2019-10",3.6,
"USA","HUR","TOT","PC_LF","M","2019-11",3.6,
"USA","HUR","TOT","PC_LF","M","2019-12",3.6,
"USA","HUR","TOT","PC_LF","M","2020-01",3.5,
"USA","HUR","TOT","PC_LF","M","2020-02",3.5,
"USA","HUR","TOT","PC_LF","M","2020-03",4.4,
"USA","HUR","TOT","PC_LF","M","2020-04",14.7,
"USA","HUR","TOT","PC_LF","M","2020-05",13.2,
"USA","HUR","TOT","PC_LF","M","2020-06",11,
"USA","HUR","TOT","PC_LF","M","2020-07",10.2,
"USA","HUR","TOT","PC_LF","M","2020-08",8.4,
"USA","HUR","TOT","PC_LF","M","2020-09",7.9,
"USA","HUR","TOT","PC_LF","M","2020-10",6.9,
"USA","HUR","TOT","PC_LF","M","2020-11",6.7,
"USA","HUR","TOT","PC_LF","M","2020-12",6.7,
"USA","HUR","TOT","PC_LF","M","2021-01",6.4,
"USA","HUR","TOT","PC_LF","M","2021-02",6.2,
"USA","HUR","TOT","PC_LF","M","2021-03",6,
"USA","HUR","TOT","PC_LF","M","2021-04",6,
"USA","HUR","TOT","PC_LF","M","2021-05",5.8,
"USA","HUR","TOT","PC_LF","M","2021-06",5.9,
"USA","HUR","TOT","PC_LF","M","2021-07",5.4,
"USA","HUR","TOT","PC_LF","M","2021-08",5.2,
"USA","HUR","TOT","PC_LF","M","2021-09",4.7,
"USA","HUR","TOT","PC_LF","M","2021-10",4.6,
"USA","HUR","TOT","PC_LF","M","2021-11",4.2,
"USA","HUR","TOT","PC_LF","M","2021-12",3.9,
"CHL","HUR","TOT","PC_LF","M","2018-03",6.998494,
"CHL","HUR","TOT","PC_LF","M","2018-04",7.12413,
"CHL","HUR","TOT","PC_LF","M","2018-05",7.224823,
"CHL","HUR","TOT","PC_LF","M","2018-06",7.453472,
"CHL","HUR","TOT","PC_LF","M","2018-07",7.401927,
"CHL","HUR","TOT","PC_LF","M","2018-08",7.259307,
"CHL","HUR","TOT","PC_LF","M","2018-09",7.3765,
"CHL","HUR","TOT","PC_LF","M","2018-10",7.613642,
"CHL","HUR","TOT","PC_LF","M","2018-11",7.692106,
"CHL","HUR","TOT","PC_LF","M","2018-12",7.527547,
"CHL","HUR","TOT","PC_LF","M","2019-01",7.289227,
"CHL","HUR","TOT","PC_LF","M","2019-02",7.214833,
"CHL","HUR","TOT","PC_LF","M","2019-03",7.094388,
"CHL","HUR","TOT","PC_LF","M","2019-04",6.978017,
"CHL","HUR","TOT","PC_LF","M","2019-05",6.9692,
"CHL","HUR","TOT","PC_LF","M","2019-06",7.147898,
"CHL","HUR","TOT","PC_LF","M","2019-07",7.249473,
"CHL","HUR","TOT","PC_LF","M","2019-08",7.133984,
"CHL","HUR","TOT","PC_LF","M","2019-09",7.118352,
"CHL","HUR","TOT","PC_LF","M","2019-10",7.25704,
"CHL","HUR","TOT","PC_LF","M","2019-11",7.602055,
"CHL","HUR","TOT","PC_LF","M","2019-12",7.856907,
"CHL","HUR","TOT","PC_LF","M","2020-01",8.095687,
"CHL","HUR","TOT","PC_LF","M","2020-02",8.198626,
"CHL","HUR","TOT","PC_LF","M","2020-03",9.030141,
"CHL","HUR","TOT","PC_LF","M","2020-04",10.88167,
"CHL","HUR","TOT","PC_LF","M","2020-05",11.76426,
"CHL","HUR","TOT","PC_LF","M","2020-06",12.43005,
"CHL","HUR","TOT","PC_LF","M","2020-07",12.36407,
"CHL","HUR","TOT","PC_LF","M","2020-08",12.0076,
"CHL","HUR","TOT","PC_LF","M","2020-09",11.54182,
"CHL","HUR","TOT","PC_LF","M","2020-10",11.21344,
"CHL","HUR","TOT","PC_LF","M","2020-11",11.06401,
"CHL","HUR","TOT","PC_LF","M","2020-12",10.80947,
"CHL","HUR","TOT","PC_LF","M","2021-01",10.70719,
"CHL","HUR","TOT","PC_LF","M","2021-02",10.38955,
"CHL","HUR","TOT","PC_LF","M","2021-03",10.29618,
"CHL","HUR","TOT","PC_LF","M","2021-04",9.747419,
"CHL","HUR","TOT","PC_LF","M","2021-05",9.150298,
"CHL","HUR","TOT","PC_LF","M","2021-06",8.485095,
"CHL","HUR","TOT","PC_LF","M","2021-07",8.200567,
"CHL","HUR","TOT","PC_LF","M","2021-08",8.183308,
"CHL","HUR","TOT","PC_LF","M","2021-09",8.06255,
"CHL","HUR","TOT","PC_LF","M","2021-10",7.863502,
"EST","HUR","TOT","PC_LF","M","2018-03",6,
"EST","HUR","TOT","PC_LF","M","2018-04",5.3,
"EST","HUR","TOT","PC_LF","M","2018-05",5.2,
"EST","HUR","TOT","PC_LF","M","2018-06",5.2,
"EST","HUR","TOT","PC_LF","M","2018-07",5.4,
"EST","HUR","TOT","PC_LF","M","2018-08",5.4,
"EST","HUR","TOT","PC_LF","M","2018-09",5.6,
"EST","HUR","TOT","PC_LF","M","2018-10",5.2,
"EST","HUR","TOT","PC_LF","M","2018-11",4.7,
"EST","HUR","TOT","PC_LF","M","2018-12",4.4,
"EST","HUR","TOT","PC_LF","M","2019-01",4.2,
"EST","HUR","TOT","PC_LF","M","2019-02",4.4,
"EST","HUR","TOT","PC_LF","M","2019-03",4.5,
"EST","HUR","TOT","PC_LF","M","2019-04",4.9,
"EST","HUR","TOT","PC_LF","M","2019-05",4.8,
"EST","HUR","TOT","PC_LF","M","2019-06",4.4,
"EST","HUR","TOT","PC_LF","M","2019-07",4.2,
"EST","HUR","TOT","PC_LF","M","2019-08",4.3,
"EST","HUR","TOT","PC_LF","M","2019-09",4.8,
"EST","HUR","TOT","PC_LF","M","2019-10",4.7,
"EST","HUR","TOT","PC_LF","M","2019-11",4.5,
"EST","HUR","TOT","PC_LF","M","2019-12",4.6,
"EST","HUR","TOT","PC_LF","M","2020-01",4.8,
"EST","HUR","TOT","PC_LF","M","2020-02",4.8,
"EST","HUR","TOT","PC_LF","M","2020-03",5,
"EST","HUR","TOT","PC_LF","M","2020-04",5.9,
"EST","HUR","TOT","PC_LF","M","2020-05",6.9,
"EST","HUR","TOT","PC_LF","M","2020-06",7.8,
"EST","HUR","TOT","PC_LF","M","2020-07",7.8,
"EST","HUR","TOT","PC_LF","M","2020-08",7.9,
"EST","HUR","TOT","PC_LF","M","2020-09",8.2,
"EST","HUR","TOT","PC_LF","M","2020-10",7.9,
"EST","HUR","TOT","PC_LF","M","2020-11",7.4,
"EST","HUR","TOT","PC_LF","M","2020-12",6.8,
"EST","HUR","TOT","PC_LF","M","2021-01",7.2,
"EST","HUR","TOT","PC_LF","M","2021-02",6.8,
"EST","HUR","TOT","PC_LF","M","2021-03",6.5,
"EST","HUR","TOT","PC_LF","M","2021-04",6.4,
"EST","HUR","TOT","PC_LF","M","2021-05",6.6,
"EST","HUR","TOT","PC_LF","M","2021-06",6.5,
"EST","HUR","TOT","PC_LF","M","2021-07",6.4,
"EST","HUR","TOT","PC_LF","M","2021-08",5.9,
"EST","HUR","TOT","PC_LF","M","2021-09",5.6,
"EST","HUR","TOT","PC_LF","M","2021-10",5.2,
"EST","HUR","TOT","PC_LF","M","2021-11",5,
"ISR","HUR","TOT","PC_LF","M","2018-03",3.818421,
"ISR","HUR","TOT","PC_LF","M","2018-04",3.952263,
"ISR","HUR","TOT","PC_LF","M","2018-05",4.003701,
"ISR","HUR","TOT","PC_LF","M","2018-06",3.917797,
"ISR","HUR","TOT","PC_LF","M","2018-07",4.127652,
"ISR","HUR","TOT","PC_LF","M","2018-08",3.90152,
"ISR","HUR","TOT","PC_LF","M","2018-09",4.115196,
"ISR","HUR","TOT","PC_LF","M","2018-10",4.012853,
"ISR","HUR","TOT","PC_LF","M","2018-11",4.087952,
"ISR","HUR","TOT","PC_LF","M","2018-12",4.222951,
"ISR","HUR","TOT","PC_LF","M","2019-01",4.206568,
"ISR","HUR","TOT","PC_LF","M","2019-02",4.098957,
"ISR","HUR","TOT","PC_LF","M","2019-03",3.940439,
"ISR","HUR","TOT","PC_LF","M","2019-04",3.946179,
"ISR","HUR","TOT","PC_LF","M","2019-05",3.702165,
"ISR","HUR","TOT","PC_LF","M","2019-06",3.922457,
"ISR","HUR","TOT","PC_LF","M","2019-07",3.591557,
"ISR","HUR","TOT","PC_LF","M","2019-08",3.570601,
"ISR","HUR","TOT","PC_LF","M","2019-09",3.53454,
"ISR","HUR","TOT","PC_LF","M","2019-10",3.587925,
"ISR","HUR","TOT","PC_LF","M","2019-11",4.052213,
"ISR","HUR","TOT","PC_LF","M","2019-12",3.70677,
"ISR","HUR","TOT","PC_LF","M","2020-01",3.741309,
"ISR","HUR","TOT","PC_LF","M","2020-02",3.40865,
"ISR","HUR","TOT","PC_LF","M","2020-03",3.548455,
"ISR","HUR","TOT","PC_LF","M","2020-04",3.603262,
"ISR","HUR","TOT","PC_LF","M","2020-05",4.201593,
"ISR","HUR","TOT","PC_LF","M","2020-06",4.565279,
"ISR","HUR","TOT","PC_LF","M","2020-07",4.69406,
"ISR","HUR","TOT","PC_LF","M","2020-08",4.795041,
"ISR","HUR","TOT","PC_LF","M","2020-09",4.546892,
"ISR","HUR","TOT","PC_LF","M","2020-10",4.654986,
"ISR","HUR","TOT","PC_LF","M","2020-11",4.874448,
"ISR","HUR","TOT","PC_LF","M","2020-12",4.986938,
"ISR","HUR","TOT","PC_LF","M","2021-01",4.609006,
"ISR","HUR","TOT","PC_LF","M","2021-02",5.231731,
"ISR","HUR","TOT","PC_LF","M","2021-03",5.482666,
"ISR","HUR","TOT","PC_LF","M","2021-04",5.338466,
"ISR","HUR","TOT","PC_LF","M","2021-05",5.445731,
"ISR","HUR","TOT","PC_LF","M","2021-06",5.092232,
"ISR","HUR","TOT","PC_LF","M","2021-07",4.898877,
"ISR","HUR","TOT","PC_LF","M","2021-08",4.943744,
"ISR","HUR","TOT","PC_LF","M","2021-09",5.010241,
"ISR","HUR","TOT","PC_LF","M","2021-10",4.824667,
"ISR","HUR","TOT","PC_LF","M","2021-11",4.422648,
"ISR","HUR","TOT","PC_LF","M","2021-12",4.264764,
"SVN","HUR","TOT","PC_LF","M","2018-03",5.5,
"SVN","HUR","TOT","PC_LF","M","2018-04",5.4,
"SVN","HUR","TOT","PC_LF","M","2018-05",5.4,
"SVN","HUR","TOT","PC_LF","M","2018-06",5.3,
"SVN","HUR","TOT","PC_LF","M","2018-07",5.3,
"SVN","HUR","TOT","PC_LF","M","2018-08",5.1,
"SVN","HUR","TOT","PC_LF","M","2018-09",4.9,
"SVN","HUR","TOT","PC_LF","M","2018-10",4.7,
"SVN","HUR","TOT","PC_LF","M","2018-11",4.5,
"SVN","HUR","TOT","PC_LF","M","2018-12",4.4,
"SVN","HUR","TOT","PC_LF","M","2019-01",4.5,
"SVN","HUR","TOT","PC_LF","M","2019-02",4.5,
"SVN","HUR","TOT","PC_LF","M","2019-03",4.4,
"SVN","HUR","TOT","PC_LF","M","2019-04",4.3,
"SVN","HUR","TOT","PC_LF","M","2019-05",4.3,
"SVN","HUR","TOT","PC_LF","M","2019-06",4.5,
"SVN","HUR","TOT","PC_LF","M","2019-07",4.8,
"SVN","HUR","TOT","PC_LF","M","2019-08",4.9,
"SVN","HUR","TOT","PC_LF","M","2019-09",4.8,
"SVN","HUR","TOT","PC_LF","M","2019-10",4.4,
"SVN","HUR","TOT","PC_LF","M","2019-11",4.1,
"SVN","HUR","TOT","PC_LF","M","2019-12",4,
"SVN","HUR","TOT","PC_LF","M","2020-01",4.1,
"SVN","HUR","TOT","PC_LF","M","2020-02",4.2,
"SVN","HUR","TOT","PC_LF","M","2020-03",4.4,
"SVN","HUR","TOT","PC_LF","M","2020-04",5.2,
"SVN","HUR","TOT","PC_LF","M","2020-05",5.4,
"SVN","HUR","TOT","PC_LF","M","2020-06",5.4,
"SVN","HUR","TOT","PC_LF","M","2020-07",5.2,
"SVN","HUR","TOT","PC_LF","M","2020-08",5.2,
"SVN","HUR","TOT","PC_LF","M","2020-09",5.1,
"SVN","HUR","TOT","PC_LF","M","2020-10",5.1,
"SVN","HUR","TOT","PC_LF","M","2020-11",5.3,
"SVN","HUR","TOT","PC_LF","M","2020-12",5.3,
"SVN","HUR","TOT","PC_LF","M","2021-01",5.4,
"SVN","HUR","TOT","PC_LF","M","2021-02",5.2,
"SVN","HUR","TOT","PC_LF","M","2021-03",5,
"SVN","HUR","TOT","PC_LF","M","2021-04",4.7,
"SVN","HUR","TOT","PC_LF","M","2021-05",4.5,
"SVN","HUR","TOT","PC_LF","M","2021-06",4.4,
"SVN","HUR","TOT","PC_LF","M","2021-07",4.5,
"SVN","HUR","TOT","PC_LF","M","2021-08",4.6,
"SVN","HUR","TOT","PC_LF","M","2021-09",4.7,
"SVN","HUR","TOT","PC_LF","M","2021-10",4.8,
"SVN","HUR","TOT","PC_LF","M","2021-11",4.8,
"OECD","HUR","TOT","PC_LF","M","2018-03",5.535931,"E"
"OECD","HUR","TOT","PC_LF","M","2018-04",5.547948,"E"
"OECD","HUR","TOT","PC_LF","M","2018-05",5.442656,"E"
"OECD","HUR","TOT","PC_LF","M","2018-06",5.490357,"E"
"OECD","HUR","TOT","PC_LF","M","2018-07",5.427084,"E"
"OECD","HUR","TOT","PC_LF","M","2018-08",5.454067,"E"
"OECD","HUR","TOT","PC_LF","M","2018-09",5.446558,"E"
"OECD","HUR","TOT","PC_LF","M","2018-10",5.471234,"E"
"OECD","HUR","TOT","PC_LF","M","2018-11",5.488767,"E"
"OECD","HUR","TOT","PC_LF","M","2018-12",5.56558,"E"
"OECD","HUR","TOT","PC_LF","M","2019-01",5.598053,"E"
"OECD","HUR","TOT","PC_LF","M","2019-02",5.498953,"E"
"OECD","HUR","TOT","PC_LF","M","2019-03",5.515817,"E"
"OECD","HUR","TOT","PC_LF","M","2019-04",5.457121,"E"
"OECD","HUR","TOT","PC_LF","M","2019-05",5.424342,"E"
"OECD","HUR","TOT","PC_LF","M","2019-06",5.360825,"E"
"OECD","HUR","TOT","PC_LF","M","2019-07",5.409062,"E"
"OECD","HUR","TOT","PC_LF","M","2019-08",5.381872,"E"
"OECD","HUR","TOT","PC_LF","M","2019-09",5.349338,"E"
"OECD","HUR","TOT","PC_LF","M","2019-10",5.365487,"E"
"OECD","HUR","TOT","PC_LF","M","2019-11",5.365692,"E"
"OECD","HUR","TOT","PC_LF","M","2019-12",5.293294,"E"
"OECD","HUR","TOT","PC_LF","M","2020-01",5.362045,"E"
"OECD","HUR","TOT","PC_LF","M","2020-02",5.279432,"E"
"OECD","HUR","TOT","PC_LF","M","2020-03",5.552532,"E"
"OECD","HUR","TOT","PC_LF","M","2020-04",8.783832,"E"
"OECD","HUR","TOT","PC_LF","M","2020-05",8.642145,"E"
"OECD","HUR","TOT","PC_LF","M","2020-06",8.293939,"E"
"OECD","HUR","TOT","PC_LF","M","2020-07",8.158939,"E"
"OECD","HUR","TOT","PC_LF","M","2020-08",7.577151,"E"
"OECD","HUR","TOT","PC_LF","M","2020-09",7.391051,"E"
"OECD","HUR","TOT","PC_LF","M","2020-10",7.096758,"E"
"OECD","HUR","TOT","PC_LF","M","2020-11",6.930694,"E"
"OECD","HUR","TOT","PC_LF","M","2020-12",6.87421,"E"
"OECD","HUR","TOT","PC_LF","M","2021-01",6.845218,"E"
"OECD","HUR","TOT","PC_LF","M","2021-02",6.727664,"E"
"OECD","HUR","TOT","PC_LF","M","2021-03",6.549325,"E"
"OECD","HUR","TOT","PC_LF","M","2021-04",6.681523,"E"
"OECD","HUR","TOT","PC_LF","M","2021-05",6.48243,"E"
"OECD","HUR","TOT","PC_LF","M","2021-06",6.287911,"E"
"OECD","HUR","TOT","PC_LF","M","2021-07",6.064379,"E"
"OECD","HUR","TOT","PC_LF","M","2021-08",5.916256,"E"
"OECD","HUR","TOT","PC_LF","M","2021-09",5.74555,"E"
"OECD","HUR","TOT","PC_LF","M","2021-10",5.676543,"E"
"OECD","HUR","TOT","PC_LF","M","2021-11",5.496005,"E"
"EA19","HUR","TOT","PC_LF","M","2018-03",8.5,
"EA19","HUR","TOT","PC_LF","M","2018-04",8.4,
"EA19","HUR","TOT","PC_LF","M","2018-05",8.3,
"EA19","HUR","TOT","PC_LF","M","2018-06",8.2,
"EA19","HUR","TOT","PC_LF","M","2018-07",8.1,
"EA19","HUR","TOT","PC_LF","M","2018-08",8,
"EA19","HUR","TOT","PC_LF","M","2018-09",8,
"EA19","HUR","TOT","PC_LF","M","2018-10",8,
"EA19","HUR","TOT","PC_LF","M","2018-11",7.9,
"EA19","HUR","TOT","PC_LF","M","2018-12",7.8,
"EA19","HUR","TOT","PC_LF","M","2019-01",7.8,
"EA19","HUR","TOT","PC_LF","M","2019-02",7.8,
"EA19","HUR","TOT","PC_LF","M","2019-03",7.7,
"EA19","HUR","TOT","PC_LF","M","2019-04",7.7,
"EA19","HUR","TOT","PC_LF","M","2019-05",7.6,
"EA19","HUR","TOT","PC_LF","M","2019-06",7.5,
"EA19","HUR","TOT","PC_LF","M","2019-07",7.5,
"EA19","HUR","TOT","PC_LF","M","2019-08",7.4,
"EA19","HUR","TOT","PC_LF","M","2019-09",7.4,
"EA19","HUR","TOT","PC_LF","M","2019-10",7.4,
"EA19","HUR","TOT","PC_LF","M","2019-11",7.5,
"EA19","HUR","TOT","PC_LF","M","2019-12",7.4,
"EA19","HUR","TOT","PC_LF","M","2020-01",7.5,
"EA19","HUR","TOT","PC_LF","M","2020-02",7.4,
"EA19","HUR","TOT","PC_LF","M","2020-03",7.1,
"EA19","HUR","TOT","PC_LF","M","2020-04",7.3,
"EA19","HUR","TOT","PC_LF","M","2020-05",7.5,
"EA19","HUR","TOT","PC_LF","M","2020-06",8,
"EA19","HUR","TOT","PC_LF","M","2020-07",8.4,
"EA19","HUR","TOT","PC_LF","M","2020-08",8.6,
"EA19","HUR","TOT","PC_LF","M","2020-09",8.6,
"EA19","HUR","TOT","PC_LF","M","2020-10",8.3,
"EA19","HUR","TOT","PC_LF","M","2020-11",8.1,
"EA19","HUR","TOT","PC_LF","M","2020-12",8.1,
"EA19","HUR","TOT","PC_LF","M","2021-01",8.2,
"EA19","HUR","TOT","PC_LF","M","2021-02",8.1,
"EA19","HUR","TOT","PC_LF","M","2021-03",8,
"EA19","HUR","TOT","PC_LF","M","2021-04",8.1,
"EA19","HUR","TOT","PC_LF","M","2021-05",8,
"EA19","HUR","TOT","PC_LF","M","2021-06",7.8,
"EA19","HUR","TOT","PC_LF","M","2021-07",7.6,
"EA19","HUR","TOT","PC_LF","M","2021-08",7.5,
"EA19","HUR","TOT","PC_LF","M","2021-09",7.4,
"EA19","HUR","TOT","PC_LF","M","2021-10",7.3,
"EA19","HUR","TOT","PC_LF","M","2021-11",7.2,
"LVA","HUR","TOT","PC_LF","M","2018-03",7.7,
"LVA","HUR","TOT","PC_LF","M","2018-04",7.7,
"LVA","HUR","TOT","PC_LF","M","2018-05",7.7,
"LVA","HUR","TOT","PC_LF","M","2018-06",7.6,
"LVA","HUR","TOT","PC_LF","M","2018-07",7.3,
"LVA","HUR","TOT","PC_LF","M","2018-08",7.1,
"LVA","HUR","TOT","PC_LF","M","2018-09",7,
"LVA","HUR","TOT","PC_LF","M","2018-10",7.1,
"LVA","HUR","TOT","PC_LF","M","2018-11",7,
"LVA","HUR","TOT","PC_LF","M","2018-12",6.9,
"LVA","HUR","TOT","PC_LF","M","2019-01",6.8,
"LVA","HUR","TOT","PC_LF","M","2019-02",6.6,
"LVA","HUR","TOT","PC_LF","M","2019-03",6.4,
"LVA","HUR","TOT","PC_LF","M","2019-04",6.3,
"LVA","HUR","TOT","PC_LF","M","2019-05",6.3,
"LVA","HUR","TOT","PC_LF","M","2019-06",6.4,
"LVA","HUR","TOT","PC_LF","M","2019-07",6.3,
"LVA","HUR","TOT","PC_LF","M","2019-08",6.2,
"LVA","HUR","TOT","PC_LF","M","2019-09",6,
"LVA","HUR","TOT","PC_LF","M","2019-10",5.8,
"LVA","HUR","TOT","PC_LF","M","2019-11",6,
"LVA","HUR","TOT","PC_LF","M","2019-12",6.6,
"LVA","HUR","TOT","PC_LF","M","2020-01",7.2,
"LVA","HUR","TOT","PC_LF","M","2020-02",7.2,
"LVA","HUR","TOT","PC_LF","M","2020-03",7.4,
"LVA","HUR","TOT","PC_LF","M","2020-04",8.3,
"LVA","HUR","TOT","PC_LF","M","2020-05",8.6,
"LVA","HUR","TOT","PC_LF","M","2020-06",8.7,
"LVA","HUR","TOT","PC_LF","M","2020-07",8.7,
"LVA","HUR","TOT","PC_LF","M","2020-08",8.6,
"LVA","HUR","TOT","PC_LF","M","2020-09",8.4,
"LVA","HUR","TOT","PC_LF","M","2020-10",8.2,
"LVA","HUR","TOT","PC_LF","M","2020-11",8.1,
"LVA","HUR","TOT","PC_LF","M","2020-12",7.9,
"LVA","HUR","TOT","PC_LF","M","2021-01",7.7,
"LVA","HUR","TOT","PC_LF","M","2021-02",7.7,
"LVA","HUR","TOT","PC_LF","M","2021-03",7.6,
"LVA","HUR","TOT","PC_LF","M","2021-04",7.7,
"LVA","HUR","TOT","PC_LF","M","2021-05",7.8,
"LVA","HUR","TOT","PC_LF","M","2021-06",8,
"LVA","HUR","TOT","PC_LF","M","2021-07",7.7,
"LVA","HUR","TOT","PC_LF","M","2021-08",7.4,
"LVA","HUR","TOT","PC_LF","M","2021-09",7,
"LVA","HUR","TOT","PC_LF","M","2021-10",7,
"LVA","HUR","TOT","PC_LF","M","2021-11",7.3,
"LTU","HUR","TOT","PC_LF","M","2018-03",6.6,
"LTU","HUR","TOT","PC_LF","M","2018-04",6.1,
"LTU","HUR","TOT","PC_LF","M","2018-05",5.9,
"LTU","HUR","TOT","PC_LF","M","2018-06",6.1,
"LTU","HUR","TOT","PC_LF","M","2018-07",6,
"LTU","HUR","TOT","PC_LF","M","2018-08",5.9,
"LTU","HUR","TOT","PC_LF","M","2018-09",6.1,
"LTU","HUR","TOT","PC_LF","M","2018-10",6.2,
"LTU","HUR","TOT","PC_LF","M","2018-11",6,
"LTU","HUR","TOT","PC_LF","M","2018-12",6,
"LTU","HUR","TOT","PC_LF","M","2019-01",6,
"LTU","HUR","TOT","PC_LF","M","2019-02",6.1,
"LTU","HUR","TOT","PC_LF","M","2019-03",6.1,
"LTU","HUR","TOT","PC_LF","M","2019-04",6,
"LTU","HUR","TOT","PC_LF","M","2019-05",6.1,
"LTU","HUR","TOT","PC_LF","M","2019-06",6.2,
"LTU","HUR","TOT","PC_LF","M","2019-07",6.4,
"LTU","HUR","TOT","PC_LF","M","2019-08",6.5,
"LTU","HUR","TOT","PC_LF","M","2019-09",6.5,
"LTU","HUR","TOT","PC_LF","M","2019-10",6.3,
"LTU","HUR","TOT","PC_LF","M","2019-11",6.5,
"LTU","HUR","TOT","PC_LF","M","2019-12",6.6,
"LTU","HUR","TOT","PC_LF","M","2020-01",6.2,
"LTU","HUR","TOT","PC_LF","M","2020-02",6.7,
"LTU","HUR","TOT","PC_LF","M","2020-03",7.2,
"LTU","HUR","TOT","PC_LF","M","2020-04",7.9,
"LTU","HUR","TOT","PC_LF","M","2020-05",8.6,
"LTU","HUR","TOT","PC_LF","M","2020-06",9.1,
"LTU","HUR","TOT","PC_LF","M","2020-07",9.4,
"LTU","HUR","TOT","PC_LF","M","2020-08",9.8,
"LTU","HUR","TOT","PC_LF","M","2020-09",9.9,
"LTU","HUR","TOT","PC_LF","M","2020-10",9.3,
"LTU","HUR","TOT","PC_LF","M","2020-11",9.2,
"LTU","HUR","TOT","PC_LF","M","2020-12",9.2,
"LTU","HUR","TOT","PC_LF","M","2021-01",7.4,
"LTU","HUR","TOT","PC_LF","M","2021-02",6.8,
"LTU","HUR","TOT","PC_LF","M","2021-03",6.5,
"LTU","HUR","TOT","PC_LF","M","2021-04",7.2,
"LTU","HUR","TOT","PC_LF","M","2021-05",7.7,
"LTU","HUR","TOT","PC_LF","M","2021-06",7.8,
"LTU","HUR","TOT","PC_LF","M","2021-07",7.3,
"LTU","HUR","TOT","PC_LF","M","2021-08",7,
"LTU","HUR","TOT","PC_LF","M","2021-09",6.7,
"LTU","HUR","TOT","PC_LF","M","2021-10",6.5,
"LTU","HUR","TOT","PC_LF","M","2021-11",6,
"COL","HUR","TOT","PC_LF","M","2018-03",9.171745,
"COL","HUR","TOT","PC_LF","M","2018-04",9.503036,
"COL","HUR","TOT","PC_LF","M","2018-05",9.529555,
"COL","HUR","TOT","PC_LF","M","2018-06",9.367322,
"COL","HUR","TOT","PC_LF","M","2018-07",9.331987,
"COL","HUR","TOT","PC_LF","M","2018-08",9.481216,
"COL","HUR","TOT","PC_LF","M","2018-09",9.97521,
"COL","HUR","TOT","PC_LF","M","2018-10",10.09671,
"COL","HUR","TOT","PC_LF","M","2018-11",10.14659,
"COL","HUR","TOT","PC_LF","M","2018-12",10.62741,
"COL","HUR","TOT","PC_LF","M","2019-01",10.56441,
"COL","HUR","TOT","PC_LF","M","2019-02",10.57335,
"COL","HUR","TOT","PC_LF","M","2019-03",10.5663,
"COL","HUR","TOT","PC_LF","M","2019-04",10.38131,
"COL","HUR","TOT","PC_LF","M","2019-05",10.30015,
"COL","HUR","TOT","PC_LF","M","2019-06",9.699924,
"COL","HUR","TOT","PC_LF","M","2019-07",10.30977,
"COL","HUR","TOT","PC_LF","M","2019-08",11.18748,
"COL","HUR","TOT","PC_LF","M","2019-09",10.76516,
"COL","HUR","TOT","PC_LF","M","2019-10",10.97142,
"COL","HUR","TOT","PC_LF","M","2019-11",10.77005,
"COL","HUR","TOT","PC_LF","M","2019-12",10.41234,
"COL","HUR","TOT","PC_LF","M","2020-01",10.72024,
"COL","HUR","TOT","PC_LF","M","2020-02",10.92971,
"COL","HUR","TOT","PC_LF","M","2020-03",12.28862,
"COL","HUR","TOT","PC_LF","M","2020-04",19.68291,
"COL","HUR","TOT","PC_LF","M","2020-05",20.62009,
"COL","HUR","TOT","PC_LF","M","2020-06",20.07408,
"COL","HUR","TOT","PC_LF","M","2020-07",19.30921,
"COL","HUR","TOT","PC_LF","M","2020-08",17.19432,
"COL","HUR","TOT","PC_LF","M","2020-09",16.50024,
"COL","HUR","TOT","PC_LF","M","2020-10",16.14692,
"COL","HUR","TOT","PC_LF","M","2020-11",15.35995,
"COL","HUR","TOT","PC_LF","M","2020-12",14.6269,
"COL","HUR","TOT","PC_LF","M","2021-01",14.27024,
"COL","HUR","TOT","PC_LF","M","2021-02",14.31955,
"COL","HUR","TOT","PC_LF","M","2021-03",13.79247,
"COL","HUR","TOT","PC_LF","M","2021-04",14.90477,
"COL","HUR","TOT","PC_LF","M","2021-05",14.99108,
"COL","HUR","TOT","PC_LF","M","2021-06",14.52582,
"COL","HUR","TOT","PC_LF","M","2021-07",13.60351,
"COL","HUR","TOT","PC_LF","M","2021-08",12.66871,
"COL","HUR","TOT","PC_LF","M","2021-09",12.69409,
"COL","HUR","TOT","PC_LF","M","2021-10",13.00404,
"COL","HUR","TOT","PC_LF","M","2021-11",12.51632,
"CRI","HUR","TOT","PC_LF","M","2018-03",9.698919,
"CRI","HUR","TOT","PC_LF","M","2018-04",9.285891,
"CRI","HUR","TOT","PC_LF","M","2018-05",8.696998,
"CRI","HUR","TOT","PC_LF","M","2018-06",8.790666,
"CRI","HUR","TOT","PC_LF","M","2018-07",9.360245,
"CRI","HUR","TOT","PC_LF","M","2018-08",10.18098,
"CRI","HUR","TOT","PC_LF","M","2018-09",10.46798,
"CRI","HUR","TOT","PC_LF","M","2018-10",11.73207,
"CRI","HUR","TOT","PC_LF","M","2018-11",11.96458,
"CRI","HUR","TOT","PC_LF","M","2018-12",12.41748,
"CRI","HUR","TOT","PC_LF","M","2019-01",11.72132,
"CRI","HUR","TOT","PC_LF","M","2019-02",11.28633,
"CRI","HUR","TOT","PC_LF","M","2019-03",11.28232,
"CRI","HUR","TOT","PC_LF","M","2019-04",11.28729,
"CRI","HUR","TOT","PC_LF","M","2019-05",11.90763,
"CRI","HUR","TOT","PC_LF","M","2019-06",11.53325,
"CRI","HUR","TOT","PC_LF","M","2019-07",11.33149,
"CRI","HUR","TOT","PC_LF","M","2019-08",11.38031,
"CRI","HUR","TOT","PC_LF","M","2019-09",12.19769,
"CRI","HUR","TOT","PC_LF","M","2019-10",12.54838,
"CRI","HUR","TOT","PC_LF","M","2019-11",12.45758,
"CRI","HUR","TOT","PC_LF","M","2019-12",12.3704,
"CRI","HUR","TOT","PC_LF","M","2020-01",12.27495,
"CRI","HUR","TOT","PC_LF","M","2020-02",12.52184,
"CRI","HUR","TOT","PC_LF","M","2020-03",15.70129,
"CRI","HUR","TOT","PC_LF","M","2020-04",20.03116,
"CRI","HUR","TOT","PC_LF","M","2020-05",23.81541,
"CRI","HUR","TOT","PC_LF","M","2020-06",24.20592,
"CRI","HUR","TOT","PC_LF","M","2020-07",23.00119,
"CRI","HUR","TOT","PC_LF","M","2020-08",21.86145,
"CRI","HUR","TOT","PC_LF","M","2020-09",21.82861,
"CRI","HUR","TOT","PC_LF","M","2020-10",21.32201,
"CRI","HUR","TOT","PC_LF","M","2020-11",20.01788,
"CRI","HUR","TOT","PC_LF","M","2020-12",19.14291,
"CRI","HUR","TOT","PC_LF","M","2021-01",18.57435,
"CRI","HUR","TOT","PC_LF","M","2021-02",18.76781,
"CRI","HUR","TOT","PC_LF","M","2021-03",17.3308,
"CRI","HUR","TOT","PC_LF","M","2021-04",17.70022,
"CRI","HUR","TOT","PC_LF","M","2021-05",18.01385,
"CRI","HUR","TOT","PC_LF","M","2021-06",17.42211,
"CRI","HUR","TOT","PC_LF","M","2021-07",16.38313,
"CRI","HUR","TOT","PC_LF","M","2021-08",15.31129,
"CRI","HUR","TOT","PC_LF","M","2021-09",15.02083,
"CRI","HUR","TOT","PC_LF","M","2021-10",14.42203,
